global_index,domain,threshold,scene,seed_mode
1,tomato,0.0,1,random
2,tomato,0.0,1,random
3,tomato,0.0,1,random
4,tomato,0.0,1,random
5,tomato,0.0,1,random
6,tomato,0.0,1,random
7,tomato,0.0,1,random
8,tomato,0.0,1,random
9,tomato,0.0,1,random
10,tomato,0.0,1,random
11,tomato,0.0,1,random
12,tomato,0.0,1,random
13,tomato,0.0,1,random
14,tomato,0.0,1,random
15,tomato,0.0,1,random
16,tomato,0.0,1,random
17,tomato,0.0,1,random
18,tomato,0.0,1,random
19,tomato,0.0,1,random
20,tomato,0.0,1,random
21,tomato,0.0,1,random
22,tomato,0.0,1,random
23,tomato,0.0,1,random
24,tomato,0.0,1,random
25,tomato,0.0,1,random
26,tomato,0.0,1,random
27,tomato,0.0,1,random
28,tomato,0.0,1,random
29,tomato,0.0,1,random
30,tomato,0.0,1,random
31,tomato,0.0,1,random
32,tomato,0.0,1,random
33,tomato,0.0,1,random
34,tomato,0.0,1,random
35,tomato,0.0,1,random
36,tomato,0.0,1,random
37,tomato,0.0,1,random
38,tomato,0.0,1,random
39,tomato,0.0,1,random
40,tomato,0.0,1,random
41,tomato,0.0,2,random
42,tomato,0.0,2,random
43,tomato,0.0,2,random
44,tomato,0.0,2,random
45,tomato,0.0,2,random
46,tomato,0.0,2,random
47,tomato,0.0,2,random
48,tomato,0.0,2,random
49,tomato,0.0,2,random
50,tomato,0.0,2,random
51,tomato,0.0,2,random
52,tomato,0.0,2,random
53,tomato,0.0,2,random
54,tomato,0.0,2,random
55,tomato,0.0,2,random
56,tomato,0.0,2,random
57,tomato,0.0,2,random
58,tomato,0.0,2,random
59,tomato,0.0,2,random
60,tomato,0.0,2,random
61,tomato,0.0,2,random
62,tomato,0.0,2,random
63,tomato,0.0,2,random
64,tomato,0.0,2,random
65,tomato,0.0,2,random
66,tomato,0.0,2,random
67,tomato,0.0,2,random
68,tomato,0.0,2,random
69,tomato,0.0,2,random
70,tomato,0.0,2,random
71,tomato,0.0,2,random
72,tomato,0.0,2,random
73,tomato,0.0,2,random
74,tomato,0.0,2,random
75,tomato,0.0,2,random
76,tomato,0.0,2,random
77,tomato,0.0,2,random
78,tomato,0.0,2,random
79,tomato,0.0,2,random
80,tomato,0.0,2,random
81,tomato,0.0,3,random
82,tomato,0.0,3,random
83,tomato,0.0,3,random
84,tomato,0.0,3,random
85,tomato,0.0,3,random
86,tomato,0.0,3,random
87,tomato,0.0,3,random
88,tomato,0.0,3,random
89,tomato,0.0,3,random
90,tomato,0.0,3,random
91,tomato,0.0,3,random
92,tomato,0.0,3,random
93,tomato,0.0,3,random
94,tomato,0.0,3,random
95,tomato,0.0,3,random
96,tomato,0.0,3,random
97,tomato,0.0,3,random
98,tomato,0.0,3,random
99,tomato,0.0,3,random
100,tomato,0.0,3,random
101,tomato,0.0,3,random
102,tomato,0.0,3,random
103,tomato,0.0,3,random
104,tomato,0.0,3,random
105,tomato,0.0,3,random
106,tomato,0.0,3,random
107,tomato,0.0,3,random
108,tomato,0.0,3,random
109,tomato,0.0,3,random
110,tomato,0.0,3,random
111,tomato,0.0,3,random
112,tomato,0.0,3,random
113,tomato,0.0,3,random
114,tomato,0.0,3,random
115,tomato,0.0,3,random
116,tomato,0.0,3,random
117,tomato,0.0,3,random
118,tomato,0.0,3,random
119,tomato,0.0,3,random
120,tomato,0.0,3,random
121,tomato,0.0,4,random
122,tomato,0.0,4,random
123,tomato,0.0,4,random
124,tomato,0.0,4,random
125,tomato,0.0,4,random
126,tomato,0.0,4,random
127,tomato,0.0,4,random
128,tomato,0.0,4,random
129,tomato,0.0,4,random
130,tomato,0.0,4,random
131,tomato,0.0,4,random
132,tomato,0.0,4,random
133,tomato,0.0,4,random
134,tomato,0.0,4,random
135,tomato,0.0,4,random
136,tomato,0.0,4,random
137,tomato,0.0,4,random
138,tomato,0.0,4,random
139,tomato,0.0,4,random
140,tomato,0.0,4,random
141,tomato,0.0,4,random
142,tomato,0.0,4,random
143,tomato,0.0,4,random
144,tomato,0.0,4,random
145,tomato,0.0,4,random
146,tomato,0.0,4,random
147,tomato,0.0,4,random
148,tomato,0.0,4,random
149,tomato,0.0,4,random
150,tomato,0.0,4,random
151,tomato,0.0,4,random
152,tomato,0.0,4,random
153,tomato,0.0,4,random
154,tomato,0.0,4,random
155,tomato,0.0,4,random
156,tomato,0.0,4,random
157,tomato,0.0,4,random
158,tomato,0.0,4,random
159,tomato,0.0,4,random
160,tomato,0.0,4,random
161,tomato,0.0,5,random
162,tomato,0.0,5,random
163,tomato,0.0,5,random
164,tomato,0.0,5,random
165,tomato,0.0,5,random
166,tomato,0.0,5,random
167,tomato,0.0,5,random
168,tomato,0.0,5,random
169,tomato,0.0,5,random
170,tomato,0.0,5,random
171,tomato,0.0,5,random
172,tomato,0.0,5,random
173,tomato,0.0,5,random
174,tomato,0.0,5,random
175,tomato,0.0,5,random
176,tomato,0.0,5,random
177,tomato,0.0,5,random
178,tomato,0.0,5,random
179,tomato,0.0,5,random
180,tomato,0.0,5,random
181,tomato,0.0,5,random
182,tomato,0.0,5,random
183,tomato,0.0,5,random
184,tomato,0.0,5,random
185,tomato,0.0,5,random
186,tomato,0.0,5,random
187,tomato,0.0,5,random
188,tomato,0.0,5,random
189,tomato,0.0,5,random
190,tomato,0.0,5,random
191,tomato,0.0,5,random
192,tomato,0.0,5,random
193,tomato,0.0,5,random
194,tomato,0.0,5,random
195,tomato,0.0,5,random
196,tomato,0.0,5,random
197,tomato,0.0,5,random
198,tomato,0.0,5,random
199,tomato,0.0,5,random
200,tomato,0.0,5,random
201,tomato,0.1,1,random
202,tomato,0.1,1,random
203,tomato,0.1,1,random
204,tomato,0.1,1,random
205,tomato,0.1,1,random
206,tomato,0.1,1,random
207,tomato,0.1,1,random
208,tomato,0.1,1,random
209,tomato,0.1,1,random
210,tomato,0.1,1,random
211,tomato,0.1,1,random
212,tomato,0.1,1,random
213,tomato,0.1,1,random
214,tomato,0.1,1,random
215,tomato,0.1,1,random
216,tomato,0.1,1,random
217,tomato,0.1,1,random
218,tomato,0.1,1,random
219,tomato,0.1,1,random
220,tomato,0.1,1,random
221,tomato,0.1,1,random
222,tomato,0.1,1,random
223,tomato,0.1,1,random
224,tomato,0.1,1,random
225,tomato,0.1,1,random
226,tomato,0.1,1,random
227,tomato,0.1,1,random
228,tomato,0.1,1,random
229,tomato,0.1,1,random
230,tomato,0.1,1,random
231,tomato,0.1,1,random
232,tomato,0.1,1,random
233,tomato,0.1,1,random
234,tomato,0.1,1,random
235,tomato,0.1,1,random
236,tomato,0.1,1,random
237,tomato,0.1,1,random
238,tomato,0.1,1,random
239,tomato,0.1,1,random
240,tomato,0.1,1,random
241,tomato,0.1,2,random
242,tomato,0.1,2,random
243,tomato,0.1,2,random
244,tomato,0.1,2,random
245,tomato,0.1,2,random
246,tomato,0.1,2,random
247,tomato,0.1,2,random
248,tomato,0.1,2,random
249,tomato,0.1,2,random
250,tomato,0.1,2,random
251,tomato,0.1,2,random
252,tomato,0.1,2,random
253,tomato,0.1,2,random
254,tomato,0.1,2,random
255,tomato,0.1,2,random
256,tomato,0.1,2,random
257,tomato,0.1,2,random
258,tomato,0.1,2,random
259,tomato,0.1,2,random
260,tomato,0.1,2,random
261,tomato,0.1,2,random
262,tomato,0.1,2,random
263,tomato,0.1,2,random
264,tomato,0.1,2,random
265,tomato,0.1,2,random
266,tomato,0.1,2,random
267,tomato,0.1,2,random
268,tomato,0.1,2,random
269,tomato,0.1,2,random
270,tomato,0.1,2,random
271,tomato,0.1,2,random
272,tomato,0.1,2,random
273,tomato,0.1,2,random
274,tomato,0.1,2,random
275,tomato,0.1,2,random
276,tomato,0.1,2,random
277,tomato,0.1,2,random
278,tomato,0.1,2,random
279,tomato,0.1,2,random
280,tomato,0.1,2,random
281,tomato,0.1,3,random
282,tomato,0.1,3,random
283,tomato,0.1,3,random
284,tomato,0.1,3,random
285,tomato,0.1,3,random
286,tomato,0.1,3,random
287,tomato,0.1,3,random
288,tomato,0.1,3,random
289,tomato,0.1,3,random
290,tomato,0.1,3,random
291,tomato,0.1,3,random
292,tomato,0.1,3,random
293,tomato,0.1,3,random
294,tomato,0.1,3,random
295,tomato,0.1,3,random
296,tomato,0.1,3,random
297,tomato,0.1,3,random
298,tomato,0.1,3,random
299,tomato,0.1,3,random
300,tomato,0.1,3,random
301,tomato,0.1,3,random
302,tomato,0.1,3,random
303,tomato,0.1,3,random
304,tomato,0.1,3,random
305,tomato,0.1,3,random
306,tomato,0.1,3,random
307,tomato,0.1,3,random
308,tomato,0.1,3,random
309,tomato,0.1,3,random
310,tomato,0.1,3,random
311,tomato,0.1,3,random
312,tomato,0.1,3,random
313,tomato,0.1,3,random
314,tomato,0.1,3,random
315,tomato,0.1,3,random
316,tomato,0.1,3,random
317,tomato,0.1,3,random
318,tomato,0.1,3,random
319,tomato,0.1,3,random
320,tomato,0.1,3,random
321,tomato,0.1,4,random
322,tomato,0.1,4,random
323,tomato,0.1,4,random
324,tomato,0.1,4,random
325,tomato,0.1,4,random
326,tomato,0.1,4,random
327,tomato,0.1,4,random
328,tomato,0.1,4,random
329,tomato,0.1,4,random
330,tomato,0.1,4,random
331,tomato,0.1,4,random
332,tomato,0.1,4,random
333,tomato,0.1,4,random
334,tomato,0.1,4,random
335,tomato,0.1,4,random
336,tomato,0.1,4,random
337,tomato,0.1,4,random
338,tomato,0.1,4,random
339,tomato,0.1,4,random
340,tomato,0.1,4,random
341,tomato,0.1,4,random
342,tomato,0.1,4,random
343,tomato,0.1,4,random
344,tomato,0.1,4,random
345,tomato,0.1,4,random
346,tomato,0.1,4,random
347,tomato,0.1,4,random
348,tomato,0.1,4,random
349,tomato,0.1,4,random
350,tomato,0.1,4,random
351,tomato,0.1,4,random
352,tomato,0.1,4,random
353,tomato,0.1,4,random
354,tomato,0.1,4,random
355,tomato,0.1,4,random
356,tomato,0.1,4,random
357,tomato,0.1,4,random
358,tomato,0.1,4,random
359,tomato,0.1,4,random
360,tomato,0.1,4,random
361,tomato,0.1,5,random
362,tomato,0.1,5,random
363,tomato,0.1,5,random
364,tomato,0.1,5,random
365,tomato,0.1,5,random
366,tomato,0.1,5,random
367,tomato,0.1,5,random
368,tomato,0.1,5,random
369,tomato,0.1,5,random
370,tomato,0.1,5,random
371,tomato,0.1,5,random
372,tomato,0.1,5,random
373,tomato,0.1,5,random
374,tomato,0.1,5,random
375,tomato,0.1,5,random
376,tomato,0.1,5,random
377,tomato,0.1,5,random
378,tomato,0.1,5,random
379,tomato,0.1,5,random
380,tomato,0.1,5,random
381,tomato,0.1,5,random
382,tomato,0.1,5,random
383,tomato,0.1,5,random
384,tomato,0.1,5,random
385,tomato,0.1,5,random
386,tomato,0.1,5,random
387,tomato,0.1,5,random
388,tomato,0.1,5,random
389,tomato,0.1,5,random
390,tomato,0.1,5,random
391,tomato,0.1,5,random
392,tomato,0.1,5,random
393,tomato,0.1,5,random
394,tomato,0.1,5,random
395,tomato,0.1,5,random
396,tomato,0.1,5,random
397,tomato,0.1,5,random
398,tomato,0.1,5,random
399,tomato,0.1,5,random
400,tomato,0.1,5,random
401,tomato,0.2,1,random
402,tomato,0.2,1,random
403,tomato,0.2,1,random
404,tomato,0.2,1,random
405,tomato,0.2,1,random
406,tomato,0.2,1,random
407,tomato,0.2,1,random
408,tomato,0.2,1,random
409,tomato,0.2,1,random
410,tomato,0.2,1,random
411,tomato,0.2,1,random
412,tomato,0.2,1,random
413,tomato,0.2,1,random
414,tomato,0.2,1,random
415,tomato,0.2,1,random
416,tomato,0.2,1,random
417,tomato,0.2,1,random
418,tomato,0.2,1,random
419,tomato,0.2,1,random
420,tomato,0.2,1,random
421,tomato,0.2,1,random
422,tomato,0.2,1,random
423,tomato,0.2,1,random
424,tomato,0.2,1,random
425,tomato,0.2,1,random
426,tomato,0.2,1,random
427,tomato,0.2,1,random
428,tomato,0.2,1,random
429,tomato,0.2,1,random
430,tomato,0.2,1,random
431,tomato,0.2,1,random
432,tomato,0.2,1,random
433,tomato,0.2,1,random
434,tomato,0.2,1,random
435,tomato,0.2,1,random
436,tomato,0.2,1,random
437,tomato,0.2,1,random
438,tomato,0.2,1,random
439,tomato,0.2,1,random
440,tomato,0.2,1,random
441,tomato,0.2,2,random
442,tomato,0.2,2,random
443,tomato,0.2,2,random
444,tomato,0.2,2,random
445,tomato,0.2,2,random
446,tomato,0.2,2,random
447,tomato,0.2,2,random
448,tomato,0.2,2,random
449,tomato,0.2,2,random
450,tomato,0.2,2,random
451,tomato,0.2,2,random
452,tomato,0.2,2,random
453,tomato,0.2,2,random
454,tomato,0.2,2,random
455,tomato,0.2,2,random
456,tomato,0.2,2,random
457,tomato,0.2,2,random
458,tomato,0.2,2,random
459,tomato,0.2,2,random
460,tomato,0.2,2,random
461,tomato,0.2,2,random
462,tomato,0.2,2,random
463,tomato,0.2,2,random
464,tomato,0.2,2,random
465,tomato,0.2,2,random
466,tomato,0.2,2,random
467,tomato,0.2,2,random
468,tomato,0.2,2,random
469,tomato,0.2,2,random
470,tomato,0.2,2,random
471,tomato,0.2,2,random
472,tomato,0.2,2,random
473,tomato,0.2,2,random
474,tomato,0.2,2,random
475,tomato,0.2,2,random
476,tomato,0.2,2,random
477,tomato,0.2,2,random
478,tomato,0.2,2,random
479,tomato,0.2,2,random
480,tomato,0.2,2,random
481,tomato,0.2,3,random
482,tomato,0.2,3,random
483,tomato,0.2,3,random
484,tomato,0.2,3,random
485,tomato,0.2,3,random
486,tomato,0.2,3,random
487,tomato,0.2,3,random
488,tomato,0.2,3,random
489,tomato,0.2,3,random
490,tomato,0.2,3,random
491,tomato,0.2,3,random
492,tomato,0.2,3,random
493,tomato,0.2,3,random
494,tomato,0.2,3,random
495,tomato,0.2,3,random
496,tomato,0.2,3,random
497,tomato,0.2,3,random
498,tomato,0.2,3,random
499,tomato,0.2,3,random
500,tomato,0.2,3,random
501,tomato,0.2,3,random
502,tomato,0.2,3,random
503,tomato,0.2,3,random
504,tomato,0.2,3,random
505,tomato,0.2,3,random
506,tomato,0.2,3,random
507,tomato,0.2,3,random
508,tomato,0.2,3,random
509,tomato,0.2,3,random
510,tomato,0.2,3,random
511,tomato,0.2,3,random
512,tomato,0.2,3,random
513,tomato,0.2,3,random
514,tomato,0.2,3,random
515,tomato,0.2,3,random
516,tomato,0.2,3,random
517,tomato,0.2,3,random
518,tomato,0.2,3,random
519,tomato,0.2,3,random
520,tomato,0.2,3,random
521,tomato,0.2,4,random
522,tomato,0.2,4,random
523,tomato,0.2,4,random
524,tomato,0.2,4,random
525,tomato,0.2,4,random
526,tomato,0.2,4,random
527,tomato,0.2,4,random
528,tomato,0.2,4,random
529,tomato,0.2,4,random
530,tomato,0.2,4,random
531,tomato,0.2,4,random
532,tomato,0.2,4,random
533,tomato,0.2,4,random
534,tomato,0.2,4,random
535,tomato,0.2,4,random
536,tomato,0.2,4,random
537,tomato,0.2,4,random
538,tomato,0.2,4,random
539,tomato,0.2,4,random
540,tomato,0.2,4,random
541,tomato,0.2,4,random
542,tomato,0.2,4,random
543,tomato,0.2,4,random
544,tomato,0.2,4,random
545,tomato,0.2,4,random
546,tomato,0.2,4,random
547,tomato,0.2,4,random
548,tomato,0.2,4,random
549,tomato,0.2,4,random
550,tomato,0.2,4,random
551,tomato,0.2,4,random
552,tomato,0.2,4,random
553,tomato,0.2,4,random
554,tomato,0.2,4,random
555,tomato,0.2,4,random
556,tomato,0.2,4,random
557,tomato,0.2,4,random
558,tomato,0.2,4,random
559,tomato,0.2,4,random
560,tomato,0.2,4,random
561,tomato,0.2,5,random
562,tomato,0.2,5,random
563,tomato,0.2,5,random
564,tomato,0.2,5,random
565,tomato,0.2,5,random
566,tomato,0.2,5,random
567,tomato,0.2,5,random
568,tomato,0.2,5,random
569,tomato,0.2,5,random
570,tomato,0.2,5,random
571,tomato,0.2,5,random
572,tomato,0.2,5,random
573,tomato,0.2,5,random
574,tomato,0.2,5,random
575,tomato,0.2,5,random
576,tomato,0.2,5,random
577,tomato,0.2,5,random
578,tomato,0.2,5,random
579,tomato,0.2,5,random
580,tomato,0.2,5,random
581,tomato,0.2,5,random
582,tomato,0.2,5,random
583,tomato,0.2,5,random
584,tomato,0.2,5,random
585,tomato,0.2,5,random
586,tomato,0.2,5,random
587,tomato,0.2,5,random
588,tomato,0.2,5,random
589,tomato,0.2,5,random
590,tomato,0.2,5,random
591,tomato,0.2,5,random
592,tomato,0.2,5,random
593,tomato,0.2,5,random
594,tomato,0.2,5,random
595,tomato,0.2,5,random
596,tomato,0.2,5,random
597,tomato,0.2,5,random
598,tomato,0.2,5,random
599,tomato,0.2,5,random
600,tomato,0.2,5,random
601,tomato,0.3,1,random
602,tomato,0.3,1,random
603,tomato,0.3,1,random
604,tomato,0.3,1,random
605,tomato,0.3,1,random
606,tomato,0.3,1,random
607,tomato,0.3,1,random
608,tomato,0.3,1,random
609,tomato,0.3,1,random
610,tomato,0.3,1,random
611,tomato,0.3,1,random
612,tomato,0.3,1,random
613,tomato,0.3,1,random
614,tomato,0.3,1,random
615,tomato,0.3,1,random
616,tomato,0.3,1,random
617,tomato,0.3,1,random
618,tomato,0.3,1,random
619,tomato,0.3,1,random
620,tomato,0.3,1,random
621,tomato,0.3,1,random
622,tomato,0.3,1,random
623,tomato,0.3,1,random
624,tomato,0.3,1,random
625,tomato,0.3,1,random
626,tomato,0.3,1,random
627,tomato,0.3,1,random
628,tomato,0.3,1,random
629,tomato,0.3,1,random
630,tomato,0.3,1,random
631,tomato,0.3,1,random
632,tomato,0.3,1,random
633,tomato,0.3,1,random
634,tomato,0.3,1,random
635,tomato,0.3,1,random
636,tomato,0.3,1,random
637,tomato,0.3,1,random
638,tomato,0.3,1,random
639,tomato,0.3,1,random
640,tomato,0.3,1,random
641,tomato,0.3,2,random
642,tomato,0.3,2,random
643,tomato,0.3,2,random
644,tomato,0.3,2,random
645,tomato,0.3,2,random
646,tomato,0.3,2,random
647,tomato,0.3,2,random
648,tomato,0.3,2,random
649,tomato,0.3,2,random
650,tomato,0.3,2,random
651,tomato,0.3,2,random
652,tomato,0.3,2,random
653,tomato,0.3,2,random
654,tomato,0.3,2,random
655,tomato,0.3,2,random
656,tomato,0.3,2,random
657,tomato,0.3,2,random
658,tomato,0.3,2,random
659,tomato,0.3,2,random
660,tomato,0.3,2,random
661,tomato,0.3,2,random
662,tomato,0.3,2,random
663,tomato,0.3,2,random
664,tomato,0.3,2,random
665,tomato,0.3,2,random
666,tomato,0.3,2,random
667,tomato,0.3,2,random
668,tomato,0.3,2,random
669,tomato,0.3,2,random
670,tomato,0.3,2,random
671,tomato,0.3,2,random
672,tomato,0.3,2,random
673,tomato,0.3,2,random
674,tomato,0.3,2,random
675,tomato,0.3,2,random
676,tomato,0.3,2,random
677,tomato,0.3,2,random
678,tomato,0.3,2,random
679,tomato,0.3,2,random
680,tomato,0.3,2,random
681,tomato,0.3,3,random
682,tomato,0.3,3,random
683,tomato,0.3,3,random
684,tomato,0.3,3,random
685,tomato,0.3,3,random
686,tomato,0.3,3,random
687,tomato,0.3,3,random
688,tomato,0.3,3,random
689,tomato,0.3,3,random
690,tomato,0.3,3,random
691,tomato,0.3,3,random
692,tomato,0.3,3,random
693,tomato,0.3,3,random
694,tomato,0.3,3,random
695,tomato,0.3,3,random
696,tomato,0.3,3,random
697,tomato,0.3,3,random
698,tomato,0.3,3,random
699,tomato,0.3,3,random
700,tomato,0.3,3,random
701,tomato,0.3,3,random
702,tomato,0.3,3,random
703,tomato,0.3,3,random
704,tomato,0.3,3,random
705,tomato,0.3,3,random
706,tomato,0.3,3,random
707,tomato,0.3,3,random
708,tomato,0.3,3,random
709,tomato,0.3,3,random
710,tomato,0.3,3,random
711,tomato,0.3,3,random
712,tomato,0.3,3,random
713,tomato,0.3,3,random
