domain,condition,order,metric,metric_label,n_attempted,n_valid,n_execution_errors,n_missing_metric,success_only,numerator,value,sd,lower,upper,error_minus,error_plus,error_type,source_csv
tomato,ours,0,success,Task success (%),200,200,0,0,0,196.0,98.0,0.14035131799278394,94.97129130941735,99.21955735836505,3.028708690582647,1.2195573583650514,95% Wilson CI,01_processed/episodes.csv
tomato,ours,0,questions,Questions per episode,200,200,0,0,0,1829.0,9.145,1.8872689049518063,9.011549935938607,9.278450064061392,0.13345006406139248,0.13345006406139248,mean +/- 1 SE,01_processed/episodes.csv
tomato,ours,0,steps,Physical/planning steps,200,200,0,0,0,2938.0,14.69,5.182488876473723,14.323542697202157,15.056457302797842,0.3664573027978424,0.3664573027978424,mean +/- 1 SE,01_processed/episodes.csv
tomato,ours,0,seconds,Logged episode time (s),200,200,0,0,0,256.86550000000017,1.2843275,1.1040300843862452,1.206260784069653,1.362394215930347,0.07806671593034697,0.07806671593034697,mean +/- 1 SE,01_processed/episodes.csv
tomato,ours,0,questions_success_only,Questions (successful episodes),200,196,0,0,1,1796.0,9.16326530612245,1.9011137224432306,9.027471468805075,9.299059143439823,0.13579383731737416,0.13579383731737416,mean +/- 1 SE,01_processed/episodes.csv
tomato,ours,0,steps_success_only,Steps (successful episodes),200,196,0,0,1,2738.0,13.96938775510204,1.1453726893866831,13.887575420145849,14.051200090058233,0.08181233495619189,0.08181233495619189,mean +/- 1 SE,01_processed/episodes.csv
tomato,ours,0,reward,Cumulative reward,200,200,0,0,0,5160.0,25.8,27.250190170375106,23.873120574190477,27.726879425809525,1.926879425809524,1.926879425809524,mean +/- 1 SE,01_processed/episodes.csv
tomato,cp_when,1,success,Task success (%),200,200,2,0,0,126.0,63.0,0.4840158641862058,56.12262992405018,69.38739159014088,6.87737007594982,6.387391590140879,95% Wilson CI,01_processed/episodes.csv
tomato,cp_when,1,questions,Questions per episode,200,198,2,0,0,670.0,3.3838383838383836,2.173710345032879,3.22935951626818,3.5383172514085874,0.1544788675702038,0.1544788675702038,mean +/- 1 SE,01_processed/episodes.csv
tomato,cp_when,1,steps,Physical/planning steps,200,198,2,0,0,2625.0,13.257575757575758,6.386002950760754,12.803742289658679,13.711409225492837,0.4538334679170788,0.4538334679170788,mean +/- 1 SE,01_processed/episodes.csv
tomato,cp_when,1,seconds,Logged episode time (s),200,198,2,0,0,6665.009000000001,33.66166161616162,16.45421466249401,32.492311498457376,34.83101173386586,1.1693501177042407,1.1693501177042407,mean +/- 1 SE,01_processed/episodes.csv
tomato,cp_when,1,questions_success_only,Questions (successful episodes),200,126,2,0,1,510.0,4.0476190476190474,2.0351202140694995,3.866316129001283,4.228921966236812,0.1813029186177646,0.1813029186177646,mean +/- 1 SE,01_processed/episodes.csv
tomato,cp_when,1,steps_success_only,Steps (successful episodes),200,126,2,0,1,1884.0,14.952380952380953,2.8533689361374717,14.698182643878807,15.206579260883098,0.2541983085021453,0.2541983085021453,mean +/- 1 SE,01_processed/episodes.csv
tomato,cp_when,1,reward,Cumulative reward,200,198,2,0,0,3820.0,19.292929292929294,23.966030327315316,17.589737681601324,20.996120904257264,1.70319161132797,1.70319161132797,mean +/- 1 SE,01_processed/episodes.csv
tomato,value_when,2,success,Task success (%),200,200,0,0,0,127.0,63.5,0.482638268781561,56.6317026527406,69.8594735350732,6.8682973472594,6.359473535073207,95% Wilson CI,01_processed/episodes.csv
tomato,value_when,2,questions,Questions per episode,200,200,0,0,0,245.0,1.225,1.08640525675714,1.1481795475830314,1.3018204524169688,0.07682045241696867,0.07682045241696867,mean +/- 1 SE,01_processed/episodes.csv
tomato,value_when,2,steps,Physical/planning steps,200,200,0,0,0,2796.0,13.98,6.684535516801215,13.507331960698755,14.452668039301246,0.47266803930124546,0.47266803930124546,mean +/- 1 SE,01_processed/episodes.csv
tomato,value_when,2,seconds,Logged episode time (s),200,200,0,0,0,549.1344000000001,2.745672,1.526128448270032,2.6377584225266557,2.853585577473344,0.10791357747334418,0.10791357747334418,mean +/- 1 SE,01_processed/episodes.csv
tomato,value_when,2,questions_success_only,Questions (successful episodes),200,127,0,0,1,194.0,1.5275590551181102,1.082521832717572,1.4315007756334104,1.62361733460281,0.0960582794846998,0.0960582794846998,mean +/- 1 SE,01_processed/episodes.csv
tomato,value_when,2,steps_success_only,Steps (successful episodes),200,127,0,0,1,1936.0,15.244094488188976,2.2911719307808287,15.04078585549199,15.447403120885962,0.20330863269698618,0.20330863269698618,mean +/- 1 SE,01_processed/episodes.csv
tomato,value_when,2,reward,Cumulative reward,200,200,0,0,0,3775.0,18.875,28.410299197694357,16.866088478177158,20.883911521822842,2.008911521822842,2.008911521822842,mean +/- 1 SE,01_processed/episodes.csv
tomato,value_what,3,success,Task success (%),200,200,0,0,0,193.0,96.5,0.18424093903932007,92.95293884777092,98.29444579914328,3.5470611522290767,1.7944457991432756,95% Wilson CI,01_processed/episodes.csv
tomato,value_what,3,questions,Questions per episode,200,200,0,0,0,2553.0,12.765,2.5142358500243644,12.587216678094546,12.942783321905456,0.17778332190545498,0.17778332190545498,mean +/- 1 SE,01_processed/episodes.csv
tomato,value_what,3,steps,Physical/planning steps,200,200,0,0,0,2944.0,14.72,5.745139960508285,14.313757257505879,15.126242742494123,0.40624274249412196,0.40624274249412196,mean +/- 1 SE,01_processed/episodes.csv
tomato,value_what,3,seconds,Logged episode time (s),200,200,0,0,0,450.2262999999999,2.2511315,1.1775092525141926,2.1678690222637313,2.3343939777362688,0.08326247773626871,0.08326247773626871,mean +/- 1 SE,01_processed/episodes.csv
tomato,value_what,3,questions_success_only,Questions (successful episodes),200,193,0,0,1,2481.0,12.854922279792746,2.476911954928914,12.676630255955189,13.033214303630302,0.1782920238375567,0.1782920238375567,mean +/- 1 SE,01_processed/episodes.csv
tomato,value_what,3,steps_success_only,Steps (successful episodes),200,193,0,0,1,2672.0,13.844559585492227,0.9335661565023091,13.7773600231106,13.911759147873855,0.06719956238162794,0.06719956238162794,mean +/- 1 SE,01_processed/episodes.csv
tomato,value_what,3,reward,Cumulative reward,200,200,0,0,0,4985.0,24.925,30.22311297316914,22.7879031868105,27.062096813189502,2.137096813189501,2.137096813189501,mean +/- 1 SE,01_processed/episodes.csv
wastesorting,ours,0,success,Task success (%),200,200,0,0,0,200.0,100.0,0.0,98.11546736227335,100,1.8845326377266503,0,95% Wilson CI,01_processed/episodes.csv
wastesorting,ours,0,questions,Questions per episode,200,200,0,0,0,1566.0,7.83,2.16205281198426,7.677119779536248,7.982880220463752,0.15288022046375183,0.15288022046375183,mean +/- 1 SE,01_processed/episodes.csv
wastesorting,ours,0,steps,Physical/planning steps,200,200,0,0,0,2069.0,10.345,0.8773962164284816,10.2829587185576,10.407041281442401,0.06204128144240073,0.06204128144240073,mean +/- 1 SE,01_processed/episodes.csv
wastesorting,ours,0,seconds,Logged episode time (s),200,200,0,0,0,196.46070000000006,0.9823035,0.0869479977302323,0.976155348119436,0.9884516518805639,0.006148151880563946,0.006148151880563946,mean +/- 1 SE,01_processed/episodes.csv
wastesorting,ours,0,questions_success_only,Questions (successful episodes),200,200,0,0,1,1566.0,7.83,2.16205281198426,7.677119779536248,7.982880220463752,0.15288022046375183,0.15288022046375183,mean +/- 1 SE,01_processed/episodes.csv
wastesorting,ours,0,steps_success_only,Steps (successful episodes),200,200,0,0,1,2069.0,10.345,0.8773962164284816,10.2829587185576,10.407041281442401,0.06204128144240073,0.06204128144240073,mean +/- 1 SE,01_processed/episodes.csv
wastesorting,ours,0,reward,Cumulative reward,200,200,0,0,0,4835.0,24.175,7.810209463215214,23.622734792607318,24.727265207392684,0.5522652073926828,0.5522652073926828,mean +/- 1 SE,01_processed/episodes.csv
wastesorting,cp_when,1,success,Task success (%),200,200,2,0,0,148.0,74.0,0.43973495900468756,67.5092543974659,79.5861699364253,6.490745602534105,5.586169936425307,95% Wilson CI,01_processed/episodes.csv
wastesorting,cp_when,1,questions,Questions per episode,200,198,2,0,0,1232.0,6.222222222222222,3.04302666441092,6.005963733975012,6.438480710469433,0.2162584882472105,0.2162584882472105,mean +/- 1 SE,01_processed/episodes.csv
wastesorting,cp_when,1,steps,Physical/planning steps,200,198,2,0,0,1890.0,9.545454545454545,2.314258286515384,9.38098737061555,9.70992172029354,0.16446717483899498,0.16446717483899498,mean +/- 1 SE,01_processed/episodes.csv
wastesorting,cp_when,1,seconds,Logged episode time (s),200,198,2,0,0,5606.846999999999,28.31740909090909,8.48698398991026,27.714265402126603,28.92055277969158,0.6031436887824881,0.6031436887824881,mean +/- 1 SE,01_processed/episodes.csv
wastesorting,cp_when,1,questions_success_only,Questions (successful episodes),200,148,2,0,1,1049.0,7.087837837837838,2.5765268349752684,6.876048636620332,7.299627039055343,0.21178920121750533,0.21178920121750533,mean +/- 1 SE,01_processed/episodes.csv
wastesorting,cp_when,1,steps_success_only,Steps (successful episodes),200,148,2,0,1,1545.0,10.43918918918919,0.9492306326156656,10.36116291182857,10.517215466549809,0.07802627736061929,0.07802627736061929,mean +/- 1 SE,01_processed/episodes.csv
wastesorting,cp_when,1,reward,Cumulative reward,200,198,2,0,0,4225.0,21.338383838383837,10.548492875443904,20.58873509254494,22.088032584222734,0.749648745838897,0.749648745838897,mean +/- 1 SE,01_processed/episodes.csv
wastesorting,value_when,2,success,Task success (%),200,200,0,0,0,114.0,56.99999999999999,0.4963181019179708,50.07048776415268,63.66567766656557,6.929512235847312,6.665677666565578,95% Wilson CI,01_processed/episodes.csv
wastesorting,value_when,2,questions,Questions per episode,200,200,0,0,0,161.0,0.805,0.9116636733282355,0.7405356434428167,0.8694643565571833,0.0644643565571833,0.0644643565571833,mean +/- 1 SE,01_processed/episodes.csv
wastesorting,value_when,2,steps,Physical/planning steps,200,200,0,0,0,1692.0,8.46,2.9173540707067676,8.253711915348108,8.666288084651894,0.2062880846518933,0.2062880846518933,mean +/- 1 SE,01_processed/episodes.csv
wastesorting,value_when,2,seconds,Logged episode time (s),200,200,0,0,0,286.05580000000003,1.430279,0.2933433854168851,1.4095364902955503,1.4510215097044499,0.020742509704449796,0.020742509704449796,mean +/- 1 SE,01_processed/episodes.csv
wastesorting,value_when,2,questions_success_only,Questions (successful episodes),200,114,0,0,1,114.0,1.0,0.9685314126785629,0.9092887220814083,1.0907112779185917,0.09071127791859168,0.09071127791859168,mean +/- 1 SE,01_processed/episodes.csv
wastesorting,value_when,2,steps_success_only,Steps (successful episodes),200,114,0,0,1,1191.0,10.447368421052632,0.8733224653880531,10.365574278050833,10.529162564054431,0.08179414300179921,0.08179414300179921,mean +/- 1 SE,01_processed/episodes.csv
wastesorting,value_when,2,reward,Cumulative reward,200,200,0,0,0,3365.0,16.825,11.800024486815577,15.99061226672054,17.65938773327946,0.8343877332794598,0.8343877332794598,mean +/- 1 SE,01_processed/episodes.csv
wastesorting,value_what,3,success,Task success (%),200,200,0,0,0,200.0,100.0,0.0,98.11546736227335,100,1.8845326377266503,0,95% Wilson CI,01_processed/episodes.csv
wastesorting,value_what,3,questions,Questions per episode,200,200,0,0,0,2567.0,12.835,3.0814365572377773,12.617109531458105,13.052890468541896,0.21789046854189564,0.21789046854189564,mean +/- 1 SE,01_processed/episodes.csv
wastesorting,value_what,3,steps,Physical/planning steps,200,200,0,0,0,2137.0,10.685,1.0541971629118803,10.61045700373974,10.759542996260262,0.07454299626026106,0.07454299626026106,mean +/- 1 SE,01_processed/episodes.csv
wastesorting,value_what,3,seconds,Logged episode time (s),200,200,0,0,0,456.8515,2.2842575,0.41455642728192477,2.2549439339084483,2.3135710660915514,0.029313566091551557,0.029313566091551557,mean +/- 1 SE,01_processed/episodes.csv
wastesorting,value_what,3,questions_success_only,Questions (successful episodes),200,200,0,0,1,2567.0,12.835,3.0814365572377773,12.617109531458105,13.052890468541896,0.21789046854189564,0.21789046854189564,mean +/- 1 SE,01_processed/episodes.csv
wastesorting,value_what,3,steps_success_only,Steps (successful episodes),200,200,0,0,1,2137.0,10.685,1.0541971629118803,10.61045700373974,10.759542996260262,0.07454299626026106,0.07454299626026106,mean +/- 1 SE,01_processed/episodes.csv
wastesorting,value_what,3,reward,Cumulative reward,200,200,0,0,0,5645.0,28.225,4.959572744606659,27.874305248050067,28.575694751949936,0.35069475194993416,0.35069475194993416,mean +/- 1 SE,01_processed/episodes.csv
