domain,condition,scene,iteration,seed,threshold,random_query_prob
tomato,random,1,1,2030859206,0.8,0.4
tomato,ours-when-only,1,1,2030859206,0.8,0.4
tomato,ours-what-only,1,1,2030859206,0.8,0.4
tomato,ours,1,1,2030859206,0.8,0.4
tomato,random,1,2,2222960263,0.8,0.4
tomato,ours-when-only,1,2,2222960263,0.8,0.4
tomato,ours-what-only,1,2,2222960263,0.8,0.4
tomato,ours,1,2,2222960263,0.8,0.4
tomato,random,1,3,1273020582,0.8,0.4
tomato,ours-when-only,1,3,1273020582,0.8,0.4
tomato,ours-what-only,1,3,1273020582,0.8,0.4
tomato,ours,1,3,1273020582,0.8,0.4
tomato,random,1,4,866496583,0.8,0.4
tomato,ours-when-only,1,4,866496583,0.8,0.4
tomato,ours-what-only,1,4,866496583,0.8,0.4
tomato,ours,1,4,866496583,0.8,0.4
tomato,random,1,5,2698243041,0.8,0.4
tomato,ours-when-only,1,5,2698243041,0.8,0.4
tomato,ours-what-only,1,5,2698243041,0.8,0.4
tomato,ours,1,5,2698243041,0.8,0.4
tomato,random,1,6,1911303750,0.8,0.4
tomato,ours-when-only,1,6,1911303750,0.8,0.4
tomato,ours-what-only,1,6,1911303750,0.8,0.4
tomato,ours,1,6,1911303750,0.8,0.4
tomato,random,1,7,796400590,0.8,0.4
tomato,ours-when-only,1,7,796400590,0.8,0.4
tomato,ours-what-only,1,7,796400590,0.8,0.4
tomato,ours,1,7,796400590,0.8,0.4
tomato,random,1,8,1201029111,0.8,0.4
tomato,ours-when-only,1,8,1201029111,0.8,0.4
tomato,ours-what-only,1,8,1201029111,0.8,0.4
tomato,ours,1,8,1201029111,0.8,0.4
tomato,random,1,9,3389846695,0.8,0.4
tomato,ours-when-only,1,9,3389846695,0.8,0.4
tomato,ours-what-only,1,9,3389846695,0.8,0.4
tomato,ours,1,9,3389846695,0.8,0.4
tomato,random,1,10,2508123787,0.8,0.4
tomato,ours-when-only,1,10,2508123787,0.8,0.4
tomato,ours-what-only,1,10,2508123787,0.8,0.4
tomato,ours,1,10,2508123787,0.8,0.4
tomato,random,1,11,2741500852,0.8,0.4
tomato,ours-when-only,1,11,2741500852,0.8,0.4
tomato,ours-what-only,1,11,2741500852,0.8,0.4
tomato,ours,1,11,2741500852,0.8,0.4
tomato,random,1,12,4065849833,0.8,0.4
tomato,ours-when-only,1,12,4065849833,0.8,0.4
tomato,ours-what-only,1,12,4065849833,0.8,0.4
tomato,ours,1,12,4065849833,0.8,0.4
tomato,random,1,13,821007751,0.8,0.4
tomato,ours-when-only,1,13,821007751,0.8,0.4
tomato,ours-what-only,1,13,821007751,0.8,0.4
tomato,ours,1,13,821007751,0.8,0.4
tomato,random,1,14,965164034,0.8,0.4
tomato,ours-when-only,1,14,965164034,0.8,0.4
tomato,ours-what-only,1,14,965164034,0.8,0.4
tomato,ours,1,14,965164034,0.8,0.4
tomato,random,1,15,3049697230,0.8,0.4
tomato,ours-when-only,1,15,3049697230,0.8,0.4
tomato,ours-what-only,1,15,3049697230,0.8,0.4
tomato,ours,1,15,3049697230,0.8,0.4
tomato,random,1,16,597016452,0.8,0.4
tomato,ours-when-only,1,16,597016452,0.8,0.4
tomato,ours-what-only,1,16,597016452,0.8,0.4
tomato,ours,1,16,597016452,0.8,0.4
tomato,random,1,17,2027029533,0.8,0.4
tomato,ours-when-only,1,17,2027029533,0.8,0.4
tomato,ours-what-only,1,17,2027029533,0.8,0.4
tomato,ours,1,17,2027029533,0.8,0.4
tomato,random,1,18,3736902642,0.8,0.4
tomato,ours-when-only,1,18,3736902642,0.8,0.4
tomato,ours-what-only,1,18,3736902642,0.8,0.4
tomato,ours,1,18,3736902642,0.8,0.4
tomato,random,1,19,323427982,0.8,0.4
tomato,ours-when-only,1,19,323427982,0.8,0.4
tomato,ours-what-only,1,19,323427982,0.8,0.4
tomato,ours,1,19,323427982,0.8,0.4
tomato,random,1,20,311025495,0.8,0.4
tomato,ours-when-only,1,20,311025495,0.8,0.4
tomato,ours-what-only,1,20,311025495,0.8,0.4
tomato,ours,1,20,311025495,0.8,0.4
tomato,random,1,21,871806833,0.8,0.4
tomato,ours-when-only,1,21,871806833,0.8,0.4
tomato,ours-what-only,1,21,871806833,0.8,0.4
tomato,ours,1,21,871806833,0.8,0.4
tomato,random,1,22,217537032,0.8,0.4
tomato,ours-when-only,1,22,217537032,0.8,0.4
tomato,ours-what-only,1,22,217537032,0.8,0.4
tomato,ours,1,22,217537032,0.8,0.4
tomato,random,1,23,532817344,0.8,0.4
tomato,ours-when-only,1,23,532817344,0.8,0.4
tomato,ours-what-only,1,23,532817344,0.8,0.4
tomato,ours,1,23,532817344,0.8,0.4
tomato,random,1,24,3466707993,0.8,0.4
tomato,ours-when-only,1,24,3466707993,0.8,0.4
tomato,ours-what-only,1,24,3466707993,0.8,0.4
tomato,ours,1,24,3466707993,0.8,0.4
tomato,random,1,25,1649478604,0.8,0.4
tomato,ours-when-only,1,25,1649478604,0.8,0.4
tomato,ours-what-only,1,25,1649478604,0.8,0.4
tomato,ours,1,25,1649478604,0.8,0.4
tomato,random,1,26,2204152357,0.8,0.4
tomato,ours-when-only,1,26,2204152357,0.8,0.4
tomato,ours-what-only,1,26,2204152357,0.8,0.4
tomato,ours,1,26,2204152357,0.8,0.4
tomato,random,1,27,1233339309,0.8,0.4
tomato,ours-when-only,1,27,1233339309,0.8,0.4
tomato,ours-what-only,1,27,1233339309,0.8,0.4
tomato,ours,1,27,1233339309,0.8,0.4
tomato,random,1,28,3357973338,0.8,0.4
tomato,ours-when-only,1,28,3357973338,0.8,0.4
tomato,ours-what-only,1,28,3357973338,0.8,0.4
tomato,ours,1,28,3357973338,0.8,0.4
tomato,random,1,29,3649707942,0.8,0.4
tomato,ours-when-only,1,29,3649707942,0.8,0.4
tomato,ours-what-only,1,29,3649707942,0.8,0.4
tomato,ours,1,29,3649707942,0.8,0.4
tomato,random,1,30,3325784884,0.8,0.4
tomato,ours-when-only,1,30,3325784884,0.8,0.4
tomato,ours-what-only,1,30,3325784884,0.8,0.4
tomato,ours,1,30,3325784884,0.8,0.4
tomato,random,1,31,3877458541,0.8,0.4
tomato,ours-when-only,1,31,3877458541,0.8,0.4
tomato,ours-what-only,1,31,3877458541,0.8,0.4
tomato,ours,1,31,3877458541,0.8,0.4
tomato,random,1,32,3638621671,0.8,0.4
tomato,ours-when-only,1,32,3638621671,0.8,0.4
tomato,ours-what-only,1,32,3638621671,0.8,0.4
tomato,ours,1,32,3638621671,0.8,0.4
tomato,random,1,33,1084618528,0.8,0.4
tomato,ours-when-only,1,33,1084618528,0.8,0.4
tomato,ours-what-only,1,33,1084618528,0.8,0.4
tomato,ours,1,33,1084618528,0.8,0.4
tomato,random,1,34,405999239,0.8,0.4
tomato,ours-when-only,1,34,405999239,0.8,0.4
tomato,ours-what-only,1,34,405999239,0.8,0.4
tomato,ours,1,34,405999239,0.8,0.4
tomato,random,1,35,4028845444,0.8,0.4
tomato,ours-when-only,1,35,4028845444,0.8,0.4
tomato,ours-what-only,1,35,4028845444,0.8,0.4
tomato,ours,1,35,4028845444,0.8,0.4
tomato,random,1,36,2607182153,0.8,0.4
tomato,ours-when-only,1,36,2607182153,0.8,0.4
tomato,ours-what-only,1,36,2607182153,0.8,0.4
tomato,ours,1,36,2607182153,0.8,0.4
tomato,random,1,37,338448945,0.8,0.4
tomato,ours-when-only,1,37,338448945,0.8,0.4
tomato,ours-what-only,1,37,338448945,0.8,0.4
tomato,ours,1,37,338448945,0.8,0.4
tomato,random,1,38,3008854274,0.8,0.4
tomato,ours-when-only,1,38,3008854274,0.8,0.4
tomato,ours-what-only,1,38,3008854274,0.8,0.4
tomato,ours,1,38,3008854274,0.8,0.4
tomato,random,1,39,3373062200,0.8,0.4
tomato,ours-when-only,1,39,3373062200,0.8,0.4
tomato,ours-what-only,1,39,3373062200,0.8,0.4
tomato,ours,1,39,3373062200,0.8,0.4
tomato,random,1,40,1025671343,0.8,0.4
tomato,ours-when-only,1,40,1025671343,0.8,0.4
tomato,ours-what-only,1,40,1025671343,0.8,0.4
tomato,ours,1,40,1025671343,0.8,0.4
tomato,random,2,1,233361013,0.8,0.4
tomato,ours-when-only,2,1,233361013,0.8,0.4
tomato,ours-what-only,2,1,233361013,0.8,0.4
tomato,ours,2,1,233361013,0.8,0.4
tomato,random,2,2,3206958523,0.8,0.4
tomato,ours-when-only,2,2,3206958523,0.8,0.4
tomato,ours-what-only,2,2,3206958523,0.8,0.4
tomato,ours,2,2,3206958523,0.8,0.4
tomato,random,2,3,2306136433,0.8,0.4
tomato,ours-when-only,2,3,2306136433,0.8,0.4
tomato,ours-what-only,2,3,2306136433,0.8,0.4
tomato,ours,2,3,2306136433,0.8,0.4
tomato,random,2,4,1150817657,0.8,0.4
tomato,ours-when-only,2,4,1150817657,0.8,0.4
tomato,ours-what-only,2,4,1150817657,0.8,0.4
tomato,ours,2,4,1150817657,0.8,0.4
tomato,random,2,5,418694264,0.8,0.4
tomato,ours-when-only,2,5,418694264,0.8,0.4
tomato,ours-what-only,2,5,418694264,0.8,0.4
tomato,ours,2,5,418694264,0.8,0.4
tomato,random,2,6,2833878170,0.8,0.4
tomato,ours-when-only,2,6,2833878170,0.8,0.4
tomato,ours-what-only,2,6,2833878170,0.8,0.4
tomato,ours,2,6,2833878170,0.8,0.4
tomato,random,2,7,2876796507,0.8,0.4
tomato,ours-when-only,2,7,2876796507,0.8,0.4
tomato,ours-what-only,2,7,2876796507,0.8,0.4
tomato,ours,2,7,2876796507,0.8,0.4
tomato,random,2,8,2661673954,0.8,0.4
tomato,ours-when-only,2,8,2661673954,0.8,0.4
tomato,ours-what-only,2,8,2661673954,0.8,0.4
tomato,ours,2,8,2661673954,0.8,0.4
tomato,random,2,9,3533124505,0.8,0.4
tomato,ours-when-only,2,9,3533124505,0.8,0.4
tomato,ours-what-only,2,9,3533124505,0.8,0.4
tomato,ours,2,9,3533124505,0.8,0.4
tomato,random,2,10,3751400244,0.8,0.4
tomato,ours-when-only,2,10,3751400244,0.8,0.4
tomato,ours-what-only,2,10,3751400244,0.8,0.4
tomato,ours,2,10,3751400244,0.8,0.4
tomato,random,2,11,4031054018,0.8,0.4
tomato,ours-when-only,2,11,4031054018,0.8,0.4
tomato,ours-what-only,2,11,4031054018,0.8,0.4
tomato,ours,2,11,4031054018,0.8,0.4
tomato,random,2,12,1337352578,0.8,0.4
tomato,ours-when-only,2,12,1337352578,0.8,0.4
tomato,ours-what-only,2,12,1337352578,0.8,0.4
tomato,ours,2,12,1337352578,0.8,0.4
tomato,random,2,13,2571575672,0.8,0.4
tomato,ours-when-only,2,13,2571575672,0.8,0.4
tomato,ours-what-only,2,13,2571575672,0.8,0.4
tomato,ours,2,13,2571575672,0.8,0.4
tomato,random,2,14,1903174235,0.8,0.4
tomato,ours-when-only,2,14,1903174235,0.8,0.4
tomato,ours-what-only,2,14,1903174235,0.8,0.4
tomato,ours,2,14,1903174235,0.8,0.4
tomato,random,2,15,1422635806,0.8,0.4
tomato,ours-when-only,2,15,1422635806,0.8,0.4
tomato,ours-what-only,2,15,1422635806,0.8,0.4
tomato,ours,2,15,1422635806,0.8,0.4
tomato,random,2,16,559761095,0.8,0.4
tomato,ours-when-only,2,16,559761095,0.8,0.4
tomato,ours-what-only,2,16,559761095,0.8,0.4
tomato,ours,2,16,559761095,0.8,0.4
tomato,random,2,17,2324409209,0.8,0.4
tomato,ours-when-only,2,17,2324409209,0.8,0.4
tomato,ours-what-only,2,17,2324409209,0.8,0.4
tomato,ours,2,17,2324409209,0.8,0.4
tomato,random,2,18,474952343,0.8,0.4
tomato,ours-when-only,2,18,474952343,0.8,0.4
tomato,ours-what-only,2,18,474952343,0.8,0.4
tomato,ours,2,18,474952343,0.8,0.4
tomato,random,2,19,1408900490,0.8,0.4
tomato,ours-when-only,2,19,1408900490,0.8,0.4
tomato,ours-what-only,2,19,1408900490,0.8,0.4
tomato,ours,2,19,1408900490,0.8,0.4
tomato,random,2,20,1969507524,0.8,0.4
tomato,ours-when-only,2,20,1969507524,0.8,0.4
tomato,ours-what-only,2,20,1969507524,0.8,0.4
tomato,ours,2,20,1969507524,0.8,0.4
tomato,random,2,21,850676597,0.8,0.4
tomato,ours-when-only,2,21,850676597,0.8,0.4
tomato,ours-what-only,2,21,850676597,0.8,0.4
tomato,ours,2,21,850676597,0.8,0.4
tomato,random,2,22,464102713,0.8,0.4
tomato,ours-when-only,2,22,464102713,0.8,0.4
tomato,ours-what-only,2,22,464102713,0.8,0.4
tomato,ours,2,22,464102713,0.8,0.4
tomato,random,2,23,2639844527,0.8,0.4
tomato,ours-when-only,2,23,2639844527,0.8,0.4
tomato,ours-what-only,2,23,2639844527,0.8,0.4
tomato,ours,2,23,2639844527,0.8,0.4
tomato,random,2,24,2567273034,0.8,0.4
tomato,ours-when-only,2,24,2567273034,0.8,0.4
tomato,ours-what-only,2,24,2567273034,0.8,0.4
tomato,ours,2,24,2567273034,0.8,0.4
tomato,random,2,25,3815863427,0.8,0.4
tomato,ours-when-only,2,25,3815863427,0.8,0.4
tomato,ours-what-only,2,25,3815863427,0.8,0.4
tomato,ours,2,25,3815863427,0.8,0.4
tomato,random,2,26,2421989875,0.8,0.4
tomato,ours-when-only,2,26,2421989875,0.8,0.4
tomato,ours-what-only,2,26,2421989875,0.8,0.4
tomato,ours,2,26,2421989875,0.8,0.4
tomato,random,2,27,790979284,0.8,0.4
tomato,ours-when-only,2,27,790979284,0.8,0.4
tomato,ours-what-only,2,27,790979284,0.8,0.4
tomato,ours,2,27,790979284,0.8,0.4
tomato,random,2,28,484948157,0.8,0.4
tomato,ours-when-only,2,28,484948157,0.8,0.4
tomato,ours-what-only,2,28,484948157,0.8,0.4
tomato,ours,2,28,484948157,0.8,0.4
tomato,random,2,29,2138595888,0.8,0.4
tomato,ours-when-only,2,29,2138595888,0.8,0.4
tomato,ours-what-only,2,29,2138595888,0.8,0.4
tomato,ours,2,29,2138595888,0.8,0.4
tomato,random,2,30,63773712,0.8,0.4
tomato,ours-when-only,2,30,63773712,0.8,0.4
tomato,ours-what-only,2,30,63773712,0.8,0.4
tomato,ours,2,30,63773712,0.8,0.4
tomato,random,2,31,3662297998,0.8,0.4
tomato,ours-when-only,2,31,3662297998,0.8,0.4
tomato,ours-what-only,2,31,3662297998,0.8,0.4
tomato,ours,2,31,3662297998,0.8,0.4
tomato,random,2,32,3249674493,0.8,0.4
tomato,ours-when-only,2,32,3249674493,0.8,0.4
tomato,ours-what-only,2,32,3249674493,0.8,0.4
tomato,ours,2,32,3249674493,0.8,0.4
tomato,random,2,33,4007070013,0.8,0.4
tomato,ours-when-only,2,33,4007070013,0.8,0.4
tomato,ours-what-only,2,33,4007070013,0.8,0.4
tomato,ours,2,33,4007070013,0.8,0.4
tomato,random,2,34,2886041855,0.8,0.4
tomato,ours-when-only,2,34,2886041855,0.8,0.4
tomato,ours-what-only,2,34,2886041855,0.8,0.4
tomato,ours,2,34,2886041855,0.8,0.4
tomato,random,2,35,2293168667,0.8,0.4
tomato,ours-when-only,2,35,2293168667,0.8,0.4
tomato,ours-what-only,2,35,2293168667,0.8,0.4
tomato,ours,2,35,2293168667,0.8,0.4
tomato,random,2,36,3887351210,0.8,0.4
tomato,ours-when-only,2,36,3887351210,0.8,0.4
tomato,ours-what-only,2,36,3887351210,0.8,0.4
tomato,ours,2,36,3887351210,0.8,0.4
tomato,random,2,37,2318091321,0.8,0.4
tomato,ours-when-only,2,37,2318091321,0.8,0.4
tomato,ours-what-only,2,37,2318091321,0.8,0.4
tomato,ours,2,37,2318091321,0.8,0.4
tomato,random,2,38,1919828458,0.8,0.4
tomato,ours-when-only,2,38,1919828458,0.8,0.4
tomato,ours-what-only,2,38,1919828458,0.8,0.4
tomato,ours,2,38,1919828458,0.8,0.4
tomato,random,2,39,1477592928,0.8,0.4
tomato,ours-when-only,2,39,1477592928,0.8,0.4
tomato,ours-what-only,2,39,1477592928,0.8,0.4
tomato,ours,2,39,1477592928,0.8,0.4
tomato,random,2,40,742004455,0.8,0.4
tomato,ours-when-only,2,40,742004455,0.8,0.4
tomato,ours-what-only,2,40,742004455,0.8,0.4
tomato,ours,2,40,742004455,0.8,0.4
tomato,random,3,1,2973460405,0.8,0.4
tomato,ours-when-only,3,1,2973460405,0.8,0.4
tomato,ours-what-only,3,1,2973460405,0.8,0.4
tomato,ours,3,1,2973460405,0.8,0.4
tomato,random,3,2,2984508209,0.8,0.4
tomato,ours-when-only,3,2,2984508209,0.8,0.4
tomato,ours-what-only,3,2,2984508209,0.8,0.4
tomato,ours,3,2,2984508209,0.8,0.4
tomato,random,3,3,3328359470,0.8,0.4
tomato,ours-when-only,3,3,3328359470,0.8,0.4
tomato,ours-what-only,3,3,3328359470,0.8,0.4
tomato,ours,3,3,3328359470,0.8,0.4
tomato,random,3,4,2542173252,0.8,0.4
tomato,ours-when-only,3,4,2542173252,0.8,0.4
tomato,ours-what-only,3,4,2542173252,0.8,0.4
tomato,ours,3,4,2542173252,0.8,0.4
tomato,random,3,5,1895575310,0.8,0.4
tomato,ours-when-only,3,5,1895575310,0.8,0.4
tomato,ours-what-only,3,5,1895575310,0.8,0.4
tomato,ours,3,5,1895575310,0.8,0.4
tomato,random,3,6,3142806667,0.8,0.4
tomato,ours-when-only,3,6,3142806667,0.8,0.4
tomato,ours-what-only,3,6,3142806667,0.8,0.4
tomato,ours,3,6,3142806667,0.8,0.4
tomato,random,3,7,1700967682,0.8,0.4
tomato,ours-when-only,3,7,1700967682,0.8,0.4
tomato,ours-what-only,3,7,1700967682,0.8,0.4
tomato,ours,3,7,1700967682,0.8,0.4
tomato,random,3,8,3374813224,0.8,0.4
tomato,ours-when-only,3,8,3374813224,0.8,0.4
tomato,ours-what-only,3,8,3374813224,0.8,0.4
tomato,ours,3,8,3374813224,0.8,0.4
tomato,random,3,9,2230064310,0.8,0.4
tomato,ours-when-only,3,9,2230064310,0.8,0.4
tomato,ours-what-only,3,9,2230064310,0.8,0.4
tomato,ours,3,9,2230064310,0.8,0.4
tomato,random,3,10,2370079434,0.8,0.4
tomato,ours-when-only,3,10,2370079434,0.8,0.4
tomato,ours-what-only,3,10,2370079434,0.8,0.4
tomato,ours,3,10,2370079434,0.8,0.4
tomato,random,3,11,3620707437,0.8,0.4
tomato,ours-when-only,3,11,3620707437,0.8,0.4
tomato,ours-what-only,3,11,3620707437,0.8,0.4
tomato,ours,3,11,3620707437,0.8,0.4
tomato,random,3,12,1447435166,0.8,0.4
tomato,ours-when-only,3,12,1447435166,0.8,0.4
tomato,ours-what-only,3,12,1447435166,0.8,0.4
tomato,ours,3,12,1447435166,0.8,0.4
tomato,random,3,13,975151081,0.8,0.4
tomato,ours-when-only,3,13,975151081,0.8,0.4
tomato,ours-what-only,3,13,975151081,0.8,0.4
tomato,ours,3,13,975151081,0.8,0.4
tomato,random,3,14,3909183007,0.8,0.4
tomato,ours-when-only,3,14,3909183007,0.8,0.4
tomato,ours-what-only,3,14,3909183007,0.8,0.4
tomato,ours,3,14,3909183007,0.8,0.4
tomato,random,3,15,3611211411,0.8,0.4
tomato,ours-when-only,3,15,3611211411,0.8,0.4
tomato,ours-what-only,3,15,3611211411,0.8,0.4
tomato,ours,3,15,3611211411,0.8,0.4
tomato,random,3,16,1454289978,0.8,0.4
tomato,ours-when-only,3,16,1454289978,0.8,0.4
tomato,ours-what-only,3,16,1454289978,0.8,0.4
tomato,ours,3,16,1454289978,0.8,0.4
tomato,random,3,17,3631765459,0.8,0.4
tomato,ours-when-only,3,17,3631765459,0.8,0.4
tomato,ours-what-only,3,17,3631765459,0.8,0.4
tomato,ours,3,17,3631765459,0.8,0.4
tomato,random,3,18,1005437090,0.8,0.4
tomato,ours-when-only,3,18,1005437090,0.8,0.4
tomato,ours-what-only,3,18,1005437090,0.8,0.4
tomato,ours,3,18,1005437090,0.8,0.4
tomato,random,3,19,2107246049,0.8,0.4
tomato,ours-when-only,3,19,2107246049,0.8,0.4
tomato,ours-what-only,3,19,2107246049,0.8,0.4
tomato,ours,3,19,2107246049,0.8,0.4
tomato,random,3,20,2559286479,0.8,0.4
tomato,ours-when-only,3,20,2559286479,0.8,0.4
tomato,ours-what-only,3,20,2559286479,0.8,0.4
tomato,ours,3,20,2559286479,0.8,0.4
tomato,random,3,21,3814785464,0.8,0.4
tomato,ours-when-only,3,21,3814785464,0.8,0.4
tomato,ours-what-only,3,21,3814785464,0.8,0.4
tomato,ours,3,21,3814785464,0.8,0.4
tomato,random,3,22,1252332960,0.8,0.4
tomato,ours-when-only,3,22,1252332960,0.8,0.4
tomato,ours-what-only,3,22,1252332960,0.8,0.4
tomato,ours,3,22,1252332960,0.8,0.4
tomato,random,3,23,4008873019,0.8,0.4
tomato,ours-when-only,3,23,4008873019,0.8,0.4
tomato,ours-what-only,3,23,4008873019,0.8,0.4
tomato,ours,3,23,4008873019,0.8,0.4
tomato,random,3,24,1627605610,0.8,0.4
tomato,ours-when-only,3,24,1627605610,0.8,0.4
tomato,ours-what-only,3,24,1627605610,0.8,0.4
tomato,ours,3,24,1627605610,0.8,0.4
tomato,random,3,25,2197107180,0.8,0.4
tomato,ours-when-only,3,25,2197107180,0.8,0.4
tomato,ours-what-only,3,25,2197107180,0.8,0.4
tomato,ours,3,25,2197107180,0.8,0.4
tomato,random,3,26,70087057,0.8,0.4
tomato,ours-when-only,3,26,70087057,0.8,0.4
tomato,ours-what-only,3,26,70087057,0.8,0.4
tomato,ours,3,26,70087057,0.8,0.4
tomato,random,3,27,8630651,0.8,0.4
tomato,ours-when-only,3,27,8630651,0.8,0.4
tomato,ours-what-only,3,27,8630651,0.8,0.4
tomato,ours,3,27,8630651,0.8,0.4
tomato,random,3,28,657498695,0.8,0.4
tomato,ours-when-only,3,28,657498695,0.8,0.4
tomato,ours-what-only,3,28,657498695,0.8,0.4
tomato,ours,3,28,657498695,0.8,0.4
tomato,random,3,29,1193704404,0.8,0.4
tomato,ours-when-only,3,29,1193704404,0.8,0.4
tomato,ours-what-only,3,29,1193704404,0.8,0.4
tomato,ours,3,29,1193704404,0.8,0.4
tomato,random,3,30,1712963344,0.8,0.4
tomato,ours-when-only,3,30,1712963344,0.8,0.4
tomato,ours-what-only,3,30,1712963344,0.8,0.4
tomato,ours,3,30,1712963344,0.8,0.4
tomato,random,3,31,1016817503,0.8,0.4
tomato,ours-when-only,3,31,1016817503,0.8,0.4
tomato,ours-what-only,3,31,1016817503,0.8,0.4
tomato,ours,3,31,1016817503,0.8,0.4
tomato,random,3,32,4252591664,0.8,0.4
tomato,ours-when-only,3,32,4252591664,0.8,0.4
tomato,ours-what-only,3,32,4252591664,0.8,0.4
tomato,ours,3,32,4252591664,0.8,0.4
tomato,random,3,33,2630779126,0.8,0.4
tomato,ours-when-only,3,33,2630779126,0.8,0.4
tomato,ours-what-only,3,33,2630779126,0.8,0.4
tomato,ours,3,33,2630779126,0.8,0.4
tomato,random,3,34,822900858,0.8,0.4
tomato,ours-when-only,3,34,822900858,0.8,0.4
tomato,ours-what-only,3,34,822900858,0.8,0.4
tomato,ours,3,34,822900858,0.8,0.4
tomato,random,3,35,604486275,0.8,0.4
tomato,ours-when-only,3,35,604486275,0.8,0.4
tomato,ours-what-only,3,35,604486275,0.8,0.4
tomato,ours,3,35,604486275,0.8,0.4
tomato,random,3,36,522031486,0.8,0.4
tomato,ours-when-only,3,36,522031486,0.8,0.4
tomato,ours-what-only,3,36,522031486,0.8,0.4
tomato,ours,3,36,522031486,0.8,0.4
tomato,random,3,37,2184183196,0.8,0.4
tomato,ours-when-only,3,37,2184183196,0.8,0.4
tomato,ours-what-only,3,37,2184183196,0.8,0.4
tomato,ours,3,37,2184183196,0.8,0.4
tomato,random,3,38,2418572032,0.8,0.4
tomato,ours-when-only,3,38,2418572032,0.8,0.4
tomato,ours-what-only,3,38,2418572032,0.8,0.4
tomato,ours,3,38,2418572032,0.8,0.4
tomato,random,3,39,2436888965,0.8,0.4
tomato,ours-when-only,3,39,2436888965,0.8,0.4
tomato,ours-what-only,3,39,2436888965,0.8,0.4
tomato,ours,3,39,2436888965,0.8,0.4
tomato,random,3,40,598183825,0.8,0.4
tomato,ours-when-only,3,40,598183825,0.8,0.4
tomato,ours-what-only,3,40,598183825,0.8,0.4
tomato,ours,3,40,598183825,0.8,0.4
tomato,random,4,1,1589093347,0.8,0.4
tomato,ours-when-only,4,1,1589093347,0.8,0.4
tomato,ours-what-only,4,1,1589093347,0.8,0.4
tomato,ours,4,1,1589093347,0.8,0.4
tomato,random,4,2,712937450,0.8,0.4
tomato,ours-when-only,4,2,712937450,0.8,0.4
tomato,ours-what-only,4,2,712937450,0.8,0.4
tomato,ours,4,2,712937450,0.8,0.4
tomato,random,4,3,3614412854,0.8,0.4
tomato,ours-when-only,4,3,3614412854,0.8,0.4
tomato,ours-what-only,4,3,3614412854,0.8,0.4
tomato,ours,4,3,3614412854,0.8,0.4
tomato,random,4,4,2390740933,0.8,0.4
tomato,ours-when-only,4,4,2390740933,0.8,0.4
tomato,ours-what-only,4,4,2390740933,0.8,0.4
tomato,ours,4,4,2390740933,0.8,0.4
tomato,random,4,5,2642505031,0.8,0.4
tomato,ours-when-only,4,5,2642505031,0.8,0.4
tomato,ours-what-only,4,5,2642505031,0.8,0.4
tomato,ours,4,5,2642505031,0.8,0.4
tomato,random,4,6,442300768,0.8,0.4
tomato,ours-when-only,4,6,442300768,0.8,0.4
tomato,ours-what-only,4,6,442300768,0.8,0.4
tomato,ours,4,6,442300768,0.8,0.4
tomato,random,4,7,3661502133,0.8,0.4
tomato,ours-when-only,4,7,3661502133,0.8,0.4
tomato,ours-what-only,4,7,3661502133,0.8,0.4
tomato,ours,4,7,3661502133,0.8,0.4
tomato,random,4,8,236854069,0.8,0.4
tomato,ours-when-only,4,8,236854069,0.8,0.4
tomato,ours-what-only,4,8,236854069,0.8,0.4
tomato,ours,4,8,236854069,0.8,0.4
tomato,random,4,9,2387734993,0.8,0.4
tomato,ours-when-only,4,9,2387734993,0.8,0.4
tomato,ours-what-only,4,9,2387734993,0.8,0.4
tomato,ours,4,9,2387734993,0.8,0.4
tomato,random,4,10,321661848,0.8,0.4
tomato,ours-when-only,4,10,321661848,0.8,0.4
tomato,ours-what-only,4,10,321661848,0.8,0.4
tomato,ours,4,10,321661848,0.8,0.4
tomato,random,4,11,2993320002,0.8,0.4
tomato,ours-when-only,4,11,2993320002,0.8,0.4
tomato,ours-what-only,4,11,2993320002,0.8,0.4
tomato,ours,4,11,2993320002,0.8,0.4
tomato,random,4,12,1109362184,0.8,0.4
tomato,ours-when-only,4,12,1109362184,0.8,0.4
tomato,ours-what-only,4,12,1109362184,0.8,0.4
tomato,ours,4,12,1109362184,0.8,0.4
tomato,random,4,13,3815955531,0.8,0.4
tomato,ours-when-only,4,13,3815955531,0.8,0.4
tomato,ours-what-only,4,13,3815955531,0.8,0.4
tomato,ours,4,13,3815955531,0.8,0.4
tomato,random,4,14,2941533860,0.8,0.4
tomato,ours-when-only,4,14,2941533860,0.8,0.4
tomato,ours-what-only,4,14,2941533860,0.8,0.4
tomato,ours,4,14,2941533860,0.8,0.4
tomato,random,4,15,2020323328,0.8,0.4
tomato,ours-when-only,4,15,2020323328,0.8,0.4
tomato,ours-what-only,4,15,2020323328,0.8,0.4
tomato,ours,4,15,2020323328,0.8,0.4
tomato,random,4,16,3712541616,0.8,0.4
tomato,ours-when-only,4,16,3712541616,0.8,0.4
tomato,ours-what-only,4,16,3712541616,0.8,0.4
tomato,ours,4,16,3712541616,0.8,0.4
tomato,random,4,17,3169457126,0.8,0.4
tomato,ours-when-only,4,17,3169457126,0.8,0.4
tomato,ours-what-only,4,17,3169457126,0.8,0.4
tomato,ours,4,17,3169457126,0.8,0.4
tomato,random,4,18,3948166740,0.8,0.4
tomato,ours-when-only,4,18,3948166740,0.8,0.4
tomato,ours-what-only,4,18,3948166740,0.8,0.4
tomato,ours,4,18,3948166740,0.8,0.4
tomato,random,4,19,1552731229,0.8,0.4
tomato,ours-when-only,4,19,1552731229,0.8,0.4
tomato,ours-what-only,4,19,1552731229,0.8,0.4
tomato,ours,4,19,1552731229,0.8,0.4
tomato,random,4,20,1337586660,0.8,0.4
tomato,ours-when-only,4,20,1337586660,0.8,0.4
tomato,ours-what-only,4,20,1337586660,0.8,0.4
tomato,ours,4,20,1337586660,0.8,0.4
tomato,random,4,21,56491935,0.8,0.4
tomato,ours-when-only,4,21,56491935,0.8,0.4
tomato,ours-what-only,4,21,56491935,0.8,0.4
tomato,ours,4,21,56491935,0.8,0.4
tomato,random,4,22,2771536334,0.8,0.4
tomato,ours-when-only,4,22,2771536334,0.8,0.4
tomato,ours-what-only,4,22,2771536334,0.8,0.4
tomato,ours,4,22,2771536334,0.8,0.4
tomato,random,4,23,3227930555,0.8,0.4
tomato,ours-when-only,4,23,3227930555,0.8,0.4
tomato,ours-what-only,4,23,3227930555,0.8,0.4
tomato,ours,4,23,3227930555,0.8,0.4
tomato,random,4,24,740609622,0.8,0.4
tomato,ours-when-only,4,24,740609622,0.8,0.4
tomato,ours-what-only,4,24,740609622,0.8,0.4
tomato,ours,4,24,740609622,0.8,0.4
tomato,random,4,25,218967378,0.8,0.4
tomato,ours-when-only,4,25,218967378,0.8,0.4
tomato,ours-what-only,4,25,218967378,0.8,0.4
tomato,ours,4,25,218967378,0.8,0.4
tomato,random,4,26,1040908402,0.8,0.4
tomato,ours-when-only,4,26,1040908402,0.8,0.4
tomato,ours-what-only,4,26,1040908402,0.8,0.4
tomato,ours,4,26,1040908402,0.8,0.4
tomato,random,4,27,2220313702,0.8,0.4
tomato,ours-when-only,4,27,2220313702,0.8,0.4
tomato,ours-what-only,4,27,2220313702,0.8,0.4
tomato,ours,4,27,2220313702,0.8,0.4
tomato,random,4,28,168160880,0.8,0.4
tomato,ours-when-only,4,28,168160880,0.8,0.4
tomato,ours-what-only,4,28,168160880,0.8,0.4
tomato,ours,4,28,168160880,0.8,0.4
tomato,random,4,29,3141647287,0.8,0.4
tomato,ours-when-only,4,29,3141647287,0.8,0.4
tomato,ours-what-only,4,29,3141647287,0.8,0.4
tomato,ours,4,29,3141647287,0.8,0.4
tomato,random,4,30,2135663053,0.8,0.4
tomato,ours-when-only,4,30,2135663053,0.8,0.4
tomato,ours-what-only,4,30,2135663053,0.8,0.4
tomato,ours,4,30,2135663053,0.8,0.4
tomato,random,4,31,2392905031,0.8,0.4
tomato,ours-when-only,4,31,2392905031,0.8,0.4
tomato,ours-what-only,4,31,2392905031,0.8,0.4
tomato,ours,4,31,2392905031,0.8,0.4
tomato,random,4,32,3372736775,0.8,0.4
tomato,ours-when-only,4,32,3372736775,0.8,0.4
tomato,ours-what-only,4,32,3372736775,0.8,0.4
tomato,ours,4,32,3372736775,0.8,0.4
tomato,random,4,33,3386497120,0.8,0.4
tomato,ours-when-only,4,33,3386497120,0.8,0.4
tomato,ours-what-only,4,33,3386497120,0.8,0.4
tomato,ours,4,33,3386497120,0.8,0.4
tomato,random,4,34,1167440852,0.8,0.4
tomato,ours-when-only,4,34,1167440852,0.8,0.4
tomato,ours-what-only,4,34,1167440852,0.8,0.4
tomato,ours,4,34,1167440852,0.8,0.4
tomato,random,4,35,222360660,0.8,0.4
tomato,ours-when-only,4,35,222360660,0.8,0.4
tomato,ours-what-only,4,35,222360660,0.8,0.4
tomato,ours,4,35,222360660,0.8,0.4
tomato,random,4,36,216321642,0.8,0.4
tomato,ours-when-only,4,36,216321642,0.8,0.4
tomato,ours-what-only,4,36,216321642,0.8,0.4
tomato,ours,4,36,216321642,0.8,0.4
tomato,random,4,37,1141903763,0.8,0.4
tomato,ours-when-only,4,37,1141903763,0.8,0.4
tomato,ours-what-only,4,37,1141903763,0.8,0.4
tomato,ours,4,37,1141903763,0.8,0.4
tomato,random,4,38,2219488844,0.8,0.4
tomato,ours-when-only,4,38,2219488844,0.8,0.4
tomato,ours-what-only,4,38,2219488844,0.8,0.4
tomato,ours,4,38,2219488844,0.8,0.4
tomato,random,4,39,3931316609,0.8,0.4
tomato,ours-when-only,4,39,3931316609,0.8,0.4
tomato,ours-what-only,4,39,3931316609,0.8,0.4
tomato,ours,4,39,3931316609,0.8,0.4
tomato,random,4,40,3315816046,0.8,0.4
tomato,ours-when-only,4,40,3315816046,0.8,0.4
tomato,ours-what-only,4,40,3315816046,0.8,0.4
tomato,ours,4,40,3315816046,0.8,0.4
tomato,random,5,1,3945754139,0.8,0.4
tomato,ours-when-only,5,1,3945754139,0.8,0.4
tomato,ours-what-only,5,1,3945754139,0.8,0.4
tomato,ours,5,1,3945754139,0.8,0.4
tomato,random,5,2,259038599,0.8,0.4
tomato,ours-when-only,5,2,259038599,0.8,0.4
tomato,ours-what-only,5,2,259038599,0.8,0.4
tomato,ours,5,2,259038599,0.8,0.4
tomato,random,5,3,2898963405,0.8,0.4
tomato,ours-when-only,5,3,2898963405,0.8,0.4
tomato,ours-what-only,5,3,2898963405,0.8,0.4
tomato,ours,5,3,2898963405,0.8,0.4
tomato,random,5,4,1746555867,0.8,0.4
tomato,ours-when-only,5,4,1746555867,0.8,0.4
tomato,ours-what-only,5,4,1746555867,0.8,0.4
tomato,ours,5,4,1746555867,0.8,0.4
tomato,random,5,5,879805946,0.8,0.4
tomato,ours-when-only,5,5,879805946,0.8,0.4
tomato,ours-what-only,5,5,879805946,0.8,0.4
tomato,ours,5,5,879805946,0.8,0.4
tomato,random,5,6,1691996467,0.8,0.4
tomato,ours-when-only,5,6,1691996467,0.8,0.4
tomato,ours-what-only,5,6,1691996467,0.8,0.4
tomato,ours,5,6,1691996467,0.8,0.4
tomato,random,5,7,2654066318,0.8,0.4
tomato,ours-when-only,5,7,2654066318,0.8,0.4
tomato,ours-what-only,5,7,2654066318,0.8,0.4
tomato,ours,5,7,2654066318,0.8,0.4
tomato,random,5,8,715972481,0.8,0.4
tomato,ours-when-only,5,8,715972481,0.8,0.4
tomato,ours-what-only,5,8,715972481,0.8,0.4
tomato,ours,5,8,715972481,0.8,0.4
tomato,random,5,9,794861334,0.8,0.4
tomato,ours-when-only,5,9,794861334,0.8,0.4
tomato,ours-what-only,5,9,794861334,0.8,0.4
tomato,ours,5,9,794861334,0.8,0.4
tomato,random,5,10,179847475,0.8,0.4
tomato,ours-when-only,5,10,179847475,0.8,0.4
tomato,ours-what-only,5,10,179847475,0.8,0.4
tomato,ours,5,10,179847475,0.8,0.4
tomato,random,5,11,2141224597,0.8,0.4
tomato,ours-when-only,5,11,2141224597,0.8,0.4
tomato,ours-what-only,5,11,2141224597,0.8,0.4
tomato,ours,5,11,2141224597,0.8,0.4
tomato,random,5,12,3873493540,0.8,0.4
tomato,ours-when-only,5,12,3873493540,0.8,0.4
tomato,ours-what-only,5,12,3873493540,0.8,0.4
tomato,ours,5,12,3873493540,0.8,0.4
tomato,random,5,13,444653586,0.8,0.4
tomato,ours-when-only,5,13,444653586,0.8,0.4
tomato,ours-what-only,5,13,444653586,0.8,0.4
tomato,ours,5,13,444653586,0.8,0.4
tomato,random,5,14,2591322916,0.8,0.4
tomato,ours-when-only,5,14,2591322916,0.8,0.4
tomato,ours-what-only,5,14,2591322916,0.8,0.4
tomato,ours,5,14,2591322916,0.8,0.4
tomato,random,5,15,2082077157,0.8,0.4
tomato,ours-when-only,5,15,2082077157,0.8,0.4
tomato,ours-what-only,5,15,2082077157,0.8,0.4
tomato,ours,5,15,2082077157,0.8,0.4
tomato,random,5,16,1584111328,0.8,0.4
tomato,ours-when-only,5,16,1584111328,0.8,0.4
tomato,ours-what-only,5,16,1584111328,0.8,0.4
tomato,ours,5,16,1584111328,0.8,0.4
tomato,random,5,17,2883494985,0.8,0.4
tomato,ours-when-only,5,17,2883494985,0.8,0.4
tomato,ours-what-only,5,17,2883494985,0.8,0.4
tomato,ours,5,17,2883494985,0.8,0.4
tomato,random,5,18,2222584418,0.8,0.4
tomato,ours-when-only,5,18,2222584418,0.8,0.4
tomato,ours-what-only,5,18,2222584418,0.8,0.4
tomato,ours,5,18,2222584418,0.8,0.4
tomato,random,5,19,1573496301,0.8,0.4
tomato,ours-when-only,5,19,1573496301,0.8,0.4
tomato,ours-what-only,5,19,1573496301,0.8,0.4
tomato,ours,5,19,1573496301,0.8,0.4
tomato,random,5,20,3850832736,0.8,0.4
tomato,ours-when-only,5,20,3850832736,0.8,0.4
tomato,ours-what-only,5,20,3850832736,0.8,0.4
tomato,ours,5,20,3850832736,0.8,0.4
tomato,random,5,21,1896365895,0.8,0.4
tomato,ours-when-only,5,21,1896365895,0.8,0.4
tomato,ours-what-only,5,21,1896365895,0.8,0.4
tomato,ours,5,21,1896365895,0.8,0.4
tomato,random,5,22,2128654182,0.8,0.4
tomato,ours-when-only,5,22,2128654182,0.8,0.4
tomato,ours-what-only,5,22,2128654182,0.8,0.4
tomato,ours,5,22,2128654182,0.8,0.4
tomato,random,5,23,3471226395,0.8,0.4
tomato,ours-when-only,5,23,3471226395,0.8,0.4
tomato,ours-what-only,5,23,3471226395,0.8,0.4
tomato,ours,5,23,3471226395,0.8,0.4
tomato,random,5,24,1127296088,0.8,0.4
tomato,ours-when-only,5,24,1127296088,0.8,0.4
tomato,ours-what-only,5,24,1127296088,0.8,0.4
tomato,ours,5,24,1127296088,0.8,0.4
tomato,random,5,25,346784313,0.8,0.4
tomato,ours-when-only,5,25,346784313,0.8,0.4
tomato,ours-what-only,5,25,346784313,0.8,0.4
tomato,ours,5,25,346784313,0.8,0.4
tomato,random,5,26,1271340849,0.8,0.4
tomato,ours-when-only,5,26,1271340849,0.8,0.4
tomato,ours-what-only,5,26,1271340849,0.8,0.4
tomato,ours,5,26,1271340849,0.8,0.4
tomato,random,5,27,1196215500,0.8,0.4
tomato,ours-when-only,5,27,1196215500,0.8,0.4
tomato,ours-what-only,5,27,1196215500,0.8,0.4
tomato,ours,5,27,1196215500,0.8,0.4
tomato,random,5,28,3594782946,0.8,0.4
tomato,ours-when-only,5,28,3594782946,0.8,0.4
tomato,ours-what-only,5,28,3594782946,0.8,0.4
tomato,ours,5,28,3594782946,0.8,0.4
tomato,random,5,29,3869246695,0.8,0.4
tomato,ours-when-only,5,29,3869246695,0.8,0.4
tomato,ours-what-only,5,29,3869246695,0.8,0.4
tomato,ours,5,29,3869246695,0.8,0.4
tomato,random,5,30,2231101089,0.8,0.4
tomato,ours-when-only,5,30,2231101089,0.8,0.4
tomato,ours-what-only,5,30,2231101089,0.8,0.4
tomato,ours,5,30,2231101089,0.8,0.4
tomato,random,5,31,28332744,0.8,0.4
tomato,ours-when-only,5,31,28332744,0.8,0.4
tomato,ours-what-only,5,31,28332744,0.8,0.4
tomato,ours,5,31,28332744,0.8,0.4
tomato,random,5,32,815541928,0.8,0.4
tomato,ours-when-only,5,32,815541928,0.8,0.4
tomato,ours-what-only,5,32,815541928,0.8,0.4
tomato,ours,5,32,815541928,0.8,0.4
tomato,random,5,33,3637968608,0.8,0.4
tomato,ours-when-only,5,33,3637968608,0.8,0.4
tomato,ours-what-only,5,33,3637968608,0.8,0.4
tomato,ours,5,33,3637968608,0.8,0.4
tomato,random,5,34,1985644872,0.8,0.4
tomato,ours-when-only,5,34,1985644872,0.8,0.4
tomato,ours-what-only,5,34,1985644872,0.8,0.4
tomato,ours,5,34,1985644872,0.8,0.4
tomato,random,5,35,589229374,0.8,0.4
tomato,ours-when-only,5,35,589229374,0.8,0.4
tomato,ours-what-only,5,35,589229374,0.8,0.4
tomato,ours,5,35,589229374,0.8,0.4
tomato,random,5,36,1101473435,0.8,0.4
tomato,ours-when-only,5,36,1101473435,0.8,0.4
tomato,ours-what-only,5,36,1101473435,0.8,0.4
tomato,ours,5,36,1101473435,0.8,0.4
tomato,random,5,37,3696024021,0.8,0.4
tomato,ours-when-only,5,37,3696024021,0.8,0.4
tomato,ours-what-only,5,37,3696024021,0.8,0.4
tomato,ours,5,37,3696024021,0.8,0.4
tomato,random,5,38,4191848859,0.8,0.4
tomato,ours-when-only,5,38,4191848859,0.8,0.4
tomato,ours-what-only,5,38,4191848859,0.8,0.4
tomato,ours,5,38,4191848859,0.8,0.4
tomato,random,5,39,1042830735,0.8,0.4
tomato,ours-when-only,5,39,1042830735,0.8,0.4
tomato,ours-what-only,5,39,1042830735,0.8,0.4
tomato,ours,5,39,1042830735,0.8,0.4
tomato,random,5,40,3034198474,0.8,0.4
tomato,ours-when-only,5,40,3034198474,0.8,0.4
tomato,ours-what-only,5,40,3034198474,0.8,0.4
tomato,ours,5,40,3034198474,0.8,0.4
wastesorting,random,1,1,4064545001,0.8,0.4
wastesorting,ours-when-only,1,1,4064545001,0.8,0.4
wastesorting,ours-what-only,1,1,4064545001,0.8,0.4
wastesorting,ours,1,1,4064545001,0.8,0.4
wastesorting,random,1,2,3622402991,0.8,0.4
wastesorting,ours-when-only,1,2,3622402991,0.8,0.4
wastesorting,ours-what-only,1,2,3622402991,0.8,0.4
wastesorting,ours,1,2,3622402991,0.8,0.4
wastesorting,random,1,3,2310768630,0.8,0.4
wastesorting,ours-when-only,1,3,2310768630,0.8,0.4
wastesorting,ours-what-only,1,3,2310768630,0.8,0.4
wastesorting,ours,1,3,2310768630,0.8,0.4
wastesorting,random,1,4,2226680570,0.8,0.4
wastesorting,ours-when-only,1,4,2226680570,0.8,0.4
wastesorting,ours-what-only,1,4,2226680570,0.8,0.4
wastesorting,ours,1,4,2226680570,0.8,0.4
wastesorting,random,1,5,4139245423,0.8,0.4
wastesorting,ours-when-only,1,5,4139245423,0.8,0.4
wastesorting,ours-what-only,1,5,4139245423,0.8,0.4
wastesorting,ours,1,5,4139245423,0.8,0.4
wastesorting,random,1,6,3176006814,0.8,0.4
wastesorting,ours-when-only,1,6,3176006814,0.8,0.4
wastesorting,ours-what-only,1,6,3176006814,0.8,0.4
wastesorting,ours,1,6,3176006814,0.8,0.4
wastesorting,random,1,7,1446821692,0.8,0.4
wastesorting,ours-when-only,1,7,1446821692,0.8,0.4
wastesorting,ours-what-only,1,7,1446821692,0.8,0.4
wastesorting,ours,1,7,1446821692,0.8,0.4
wastesorting,random,1,8,2855763027,0.8,0.4
wastesorting,ours-when-only,1,8,2855763027,0.8,0.4
wastesorting,ours-what-only,1,8,2855763027,0.8,0.4
wastesorting,ours,1,8,2855763027,0.8,0.4
wastesorting,random,1,9,3987872288,0.8,0.4
wastesorting,ours-when-only,1,9,3987872288,0.8,0.4
wastesorting,ours-what-only,1,9,3987872288,0.8,0.4
wastesorting,ours,1,9,3987872288,0.8,0.4
wastesorting,random,1,10,3143992301,0.8,0.4
wastesorting,ours-when-only,1,10,3143992301,0.8,0.4
wastesorting,ours-what-only,1,10,3143992301,0.8,0.4
wastesorting,ours,1,10,3143992301,0.8,0.4
wastesorting,random,1,11,304491485,0.8,0.4
wastesorting,ours-when-only,1,11,304491485,0.8,0.4
wastesorting,ours-what-only,1,11,304491485,0.8,0.4
wastesorting,ours,1,11,304491485,0.8,0.4
wastesorting,random,1,12,1469124930,0.8,0.4
wastesorting,ours-when-only,1,12,1469124930,0.8,0.4
wastesorting,ours-what-only,1,12,1469124930,0.8,0.4
wastesorting,ours,1,12,1469124930,0.8,0.4
wastesorting,random,1,13,3904873952,0.8,0.4
wastesorting,ours-when-only,1,13,3904873952,0.8,0.4
wastesorting,ours-what-only,1,13,3904873952,0.8,0.4
wastesorting,ours,1,13,3904873952,0.8,0.4
wastesorting,random,1,14,1753239905,0.8,0.4
wastesorting,ours-when-only,1,14,1753239905,0.8,0.4
wastesorting,ours-what-only,1,14,1753239905,0.8,0.4
wastesorting,ours,1,14,1753239905,0.8,0.4
wastesorting,random,1,15,3890046989,0.8,0.4
wastesorting,ours-when-only,1,15,3890046989,0.8,0.4
wastesorting,ours-what-only,1,15,3890046989,0.8,0.4
wastesorting,ours,1,15,3890046989,0.8,0.4
wastesorting,random,1,16,4016452800,0.8,0.4
wastesorting,ours-when-only,1,16,4016452800,0.8,0.4
wastesorting,ours-what-only,1,16,4016452800,0.8,0.4
wastesorting,ours,1,16,4016452800,0.8,0.4
wastesorting,random,1,17,1421291149,0.8,0.4
wastesorting,ours-when-only,1,17,1421291149,0.8,0.4
wastesorting,ours-what-only,1,17,1421291149,0.8,0.4
wastesorting,ours,1,17,1421291149,0.8,0.4
wastesorting,random,1,18,1201660994,0.8,0.4
wastesorting,ours-when-only,1,18,1201660994,0.8,0.4
wastesorting,ours-what-only,1,18,1201660994,0.8,0.4
wastesorting,ours,1,18,1201660994,0.8,0.4
wastesorting,random,1,19,2732686114,0.8,0.4
wastesorting,ours-when-only,1,19,2732686114,0.8,0.4
wastesorting,ours-what-only,1,19,2732686114,0.8,0.4
wastesorting,ours,1,19,2732686114,0.8,0.4
wastesorting,random,1,20,3276452260,0.8,0.4
wastesorting,ours-when-only,1,20,3276452260,0.8,0.4
wastesorting,ours-what-only,1,20,3276452260,0.8,0.4
wastesorting,ours,1,20,3276452260,0.8,0.4
wastesorting,random,1,21,973561137,0.8,0.4
wastesorting,ours-when-only,1,21,973561137,0.8,0.4
wastesorting,ours-what-only,1,21,973561137,0.8,0.4
wastesorting,ours,1,21,973561137,0.8,0.4
wastesorting,random,1,22,221659181,0.8,0.4
wastesorting,ours-when-only,1,22,221659181,0.8,0.4
wastesorting,ours-what-only,1,22,221659181,0.8,0.4
wastesorting,ours,1,22,221659181,0.8,0.4
wastesorting,random,1,23,3794435593,0.8,0.4
wastesorting,ours-when-only,1,23,3794435593,0.8,0.4
wastesorting,ours-what-only,1,23,3794435593,0.8,0.4
wastesorting,ours,1,23,3794435593,0.8,0.4
wastesorting,random,1,24,1062380405,0.8,0.4
wastesorting,ours-when-only,1,24,1062380405,0.8,0.4
wastesorting,ours-what-only,1,24,1062380405,0.8,0.4
wastesorting,ours,1,24,1062380405,0.8,0.4
wastesorting,random,1,25,2258604627,0.8,0.4
wastesorting,ours-when-only,1,25,2258604627,0.8,0.4
wastesorting,ours-what-only,1,25,2258604627,0.8,0.4
wastesorting,ours,1,25,2258604627,0.8,0.4
wastesorting,random,1,26,2829245352,0.8,0.4
wastesorting,ours-when-only,1,26,2829245352,0.8,0.4
wastesorting,ours-what-only,1,26,2829245352,0.8,0.4
wastesorting,ours,1,26,2829245352,0.8,0.4
wastesorting,random,1,27,3940097250,0.8,0.4
wastesorting,ours-when-only,1,27,3940097250,0.8,0.4
wastesorting,ours-what-only,1,27,3940097250,0.8,0.4
wastesorting,ours,1,27,3940097250,0.8,0.4
wastesorting,random,1,28,2295953812,0.8,0.4
wastesorting,ours-when-only,1,28,2295953812,0.8,0.4
wastesorting,ours-what-only,1,28,2295953812,0.8,0.4
wastesorting,ours,1,28,2295953812,0.8,0.4
wastesorting,random,1,29,1147340016,0.8,0.4
wastesorting,ours-when-only,1,29,1147340016,0.8,0.4
wastesorting,ours-what-only,1,29,1147340016,0.8,0.4
wastesorting,ours,1,29,1147340016,0.8,0.4
wastesorting,random,1,30,3656921932,0.8,0.4
wastesorting,ours-when-only,1,30,3656921932,0.8,0.4
wastesorting,ours-what-only,1,30,3656921932,0.8,0.4
wastesorting,ours,1,30,3656921932,0.8,0.4
wastesorting,random,1,31,834664221,0.8,0.4
wastesorting,ours-when-only,1,31,834664221,0.8,0.4
wastesorting,ours-what-only,1,31,834664221,0.8,0.4
wastesorting,ours,1,31,834664221,0.8,0.4
wastesorting,random,1,32,2566599462,0.8,0.4
wastesorting,ours-when-only,1,32,2566599462,0.8,0.4
wastesorting,ours-what-only,1,32,2566599462,0.8,0.4
wastesorting,ours,1,32,2566599462,0.8,0.4
wastesorting,random,1,33,481330159,0.8,0.4
wastesorting,ours-when-only,1,33,481330159,0.8,0.4
wastesorting,ours-what-only,1,33,481330159,0.8,0.4
wastesorting,ours,1,33,481330159,0.8,0.4
wastesorting,random,1,34,3722475659,0.8,0.4
wastesorting,ours-when-only,1,34,3722475659,0.8,0.4
wastesorting,ours-what-only,1,34,3722475659,0.8,0.4
wastesorting,ours,1,34,3722475659,0.8,0.4
wastesorting,random,1,35,3267154761,0.8,0.4
wastesorting,ours-when-only,1,35,3267154761,0.8,0.4
wastesorting,ours-what-only,1,35,3267154761,0.8,0.4
wastesorting,ours,1,35,3267154761,0.8,0.4
wastesorting,random,1,36,2062582486,0.8,0.4
wastesorting,ours-when-only,1,36,2062582486,0.8,0.4
wastesorting,ours-what-only,1,36,2062582486,0.8,0.4
wastesorting,ours,1,36,2062582486,0.8,0.4
wastesorting,random,1,37,4001804605,0.8,0.4
wastesorting,ours-when-only,1,37,4001804605,0.8,0.4
wastesorting,ours-what-only,1,37,4001804605,0.8,0.4
wastesorting,ours,1,37,4001804605,0.8,0.4
wastesorting,random,1,38,3175035907,0.8,0.4
wastesorting,ours-when-only,1,38,3175035907,0.8,0.4
wastesorting,ours-what-only,1,38,3175035907,0.8,0.4
wastesorting,ours,1,38,3175035907,0.8,0.4
wastesorting,random,1,39,3156193605,0.8,0.4
wastesorting,ours-when-only,1,39,3156193605,0.8,0.4
wastesorting,ours-what-only,1,39,3156193605,0.8,0.4
wastesorting,ours,1,39,3156193605,0.8,0.4
wastesorting,random,1,40,3862245153,0.8,0.4
wastesorting,ours-when-only,1,40,3862245153,0.8,0.4
wastesorting,ours-what-only,1,40,3862245153,0.8,0.4
wastesorting,ours,1,40,3862245153,0.8,0.4
wastesorting,random,2,1,2156641990,0.8,0.4
wastesorting,ours-when-only,2,1,2156641990,0.8,0.4
wastesorting,ours-what-only,2,1,2156641990,0.8,0.4
wastesorting,ours,2,1,2156641990,0.8,0.4
wastesorting,random,2,2,715488211,0.8,0.4
wastesorting,ours-when-only,2,2,715488211,0.8,0.4
wastesorting,ours-what-only,2,2,715488211,0.8,0.4
wastesorting,ours,2,2,715488211,0.8,0.4
wastesorting,random,2,3,1273456514,0.8,0.4
wastesorting,ours-when-only,2,3,1273456514,0.8,0.4
wastesorting,ours-what-only,2,3,1273456514,0.8,0.4
wastesorting,ours,2,3,1273456514,0.8,0.4
wastesorting,random,2,4,1679391382,0.8,0.4
wastesorting,ours-when-only,2,4,1679391382,0.8,0.4
wastesorting,ours-what-only,2,4,1679391382,0.8,0.4
wastesorting,ours,2,4,1679391382,0.8,0.4
wastesorting,random,2,5,1315496753,0.8,0.4
wastesorting,ours-when-only,2,5,1315496753,0.8,0.4
wastesorting,ours-what-only,2,5,1315496753,0.8,0.4
wastesorting,ours,2,5,1315496753,0.8,0.4
wastesorting,random,2,6,3794247199,0.8,0.4
wastesorting,ours-when-only,2,6,3794247199,0.8,0.4
wastesorting,ours-what-only,2,6,3794247199,0.8,0.4
wastesorting,ours,2,6,3794247199,0.8,0.4
wastesorting,random,2,7,2628956077,0.8,0.4
wastesorting,ours-when-only,2,7,2628956077,0.8,0.4
wastesorting,ours-what-only,2,7,2628956077,0.8,0.4
wastesorting,ours,2,7,2628956077,0.8,0.4
wastesorting,random,2,8,1669852028,0.8,0.4
wastesorting,ours-when-only,2,8,1669852028,0.8,0.4
wastesorting,ours-what-only,2,8,1669852028,0.8,0.4
wastesorting,ours,2,8,1669852028,0.8,0.4
wastesorting,random,2,9,2314118130,0.8,0.4
wastesorting,ours-when-only,2,9,2314118130,0.8,0.4
wastesorting,ours-what-only,2,9,2314118130,0.8,0.4
wastesorting,ours,2,9,2314118130,0.8,0.4
wastesorting,random,2,10,1150653687,0.8,0.4
wastesorting,ours-when-only,2,10,1150653687,0.8,0.4
wastesorting,ours-what-only,2,10,1150653687,0.8,0.4
wastesorting,ours,2,10,1150653687,0.8,0.4
wastesorting,random,2,11,3820178410,0.8,0.4
wastesorting,ours-when-only,2,11,3820178410,0.8,0.4
wastesorting,ours-what-only,2,11,3820178410,0.8,0.4
wastesorting,ours,2,11,3820178410,0.8,0.4
wastesorting,random,2,12,1684512935,0.8,0.4
wastesorting,ours-when-only,2,12,1684512935,0.8,0.4
wastesorting,ours-what-only,2,12,1684512935,0.8,0.4
wastesorting,ours,2,12,1684512935,0.8,0.4
wastesorting,random,2,13,800159661,0.8,0.4
wastesorting,ours-when-only,2,13,800159661,0.8,0.4
wastesorting,ours-what-only,2,13,800159661,0.8,0.4
wastesorting,ours,2,13,800159661,0.8,0.4
wastesorting,random,2,14,3132007216,0.8,0.4
wastesorting,ours-when-only,2,14,3132007216,0.8,0.4
wastesorting,ours-what-only,2,14,3132007216,0.8,0.4
wastesorting,ours,2,14,3132007216,0.8,0.4
wastesorting,random,2,15,431660203,0.8,0.4
wastesorting,ours-when-only,2,15,431660203,0.8,0.4
wastesorting,ours-what-only,2,15,431660203,0.8,0.4
wastesorting,ours,2,15,431660203,0.8,0.4
wastesorting,random,2,16,4052769592,0.8,0.4
wastesorting,ours-when-only,2,16,4052769592,0.8,0.4
wastesorting,ours-what-only,2,16,4052769592,0.8,0.4
wastesorting,ours,2,16,4052769592,0.8,0.4
wastesorting,random,2,17,1116766657,0.8,0.4
wastesorting,ours-when-only,2,17,1116766657,0.8,0.4
wastesorting,ours-what-only,2,17,1116766657,0.8,0.4
wastesorting,ours,2,17,1116766657,0.8,0.4
wastesorting,random,2,18,1960486937,0.8,0.4
wastesorting,ours-when-only,2,18,1960486937,0.8,0.4
wastesorting,ours-what-only,2,18,1960486937,0.8,0.4
wastesorting,ours,2,18,1960486937,0.8,0.4
wastesorting,random,2,19,1185595584,0.8,0.4
wastesorting,ours-when-only,2,19,1185595584,0.8,0.4
wastesorting,ours-what-only,2,19,1185595584,0.8,0.4
wastesorting,ours,2,19,1185595584,0.8,0.4
wastesorting,random,2,20,2175442287,0.8,0.4
wastesorting,ours-when-only,2,20,2175442287,0.8,0.4
wastesorting,ours-what-only,2,20,2175442287,0.8,0.4
wastesorting,ours,2,20,2175442287,0.8,0.4
wastesorting,random,2,21,1478189300,0.8,0.4
wastesorting,ours-when-only,2,21,1478189300,0.8,0.4
wastesorting,ours-what-only,2,21,1478189300,0.8,0.4
wastesorting,ours,2,21,1478189300,0.8,0.4
wastesorting,random,2,22,2497538083,0.8,0.4
wastesorting,ours-when-only,2,22,2497538083,0.8,0.4
wastesorting,ours-what-only,2,22,2497538083,0.8,0.4
wastesorting,ours,2,22,2497538083,0.8,0.4
wastesorting,random,2,23,92232459,0.8,0.4
wastesorting,ours-when-only,2,23,92232459,0.8,0.4
wastesorting,ours-what-only,2,23,92232459,0.8,0.4
wastesorting,ours,2,23,92232459,0.8,0.4
wastesorting,random,2,24,3750062435,0.8,0.4
wastesorting,ours-when-only,2,24,3750062435,0.8,0.4
wastesorting,ours-what-only,2,24,3750062435,0.8,0.4
wastesorting,ours,2,24,3750062435,0.8,0.4
wastesorting,random,2,25,3666558197,0.8,0.4
wastesorting,ours-when-only,2,25,3666558197,0.8,0.4
wastesorting,ours-what-only,2,25,3666558197,0.8,0.4
wastesorting,ours,2,25,3666558197,0.8,0.4
wastesorting,random,2,26,4053942929,0.8,0.4
wastesorting,ours-when-only,2,26,4053942929,0.8,0.4
wastesorting,ours-what-only,2,26,4053942929,0.8,0.4
wastesorting,ours,2,26,4053942929,0.8,0.4
wastesorting,random,2,27,1014673370,0.8,0.4
wastesorting,ours-when-only,2,27,1014673370,0.8,0.4
wastesorting,ours-what-only,2,27,1014673370,0.8,0.4
wastesorting,ours,2,27,1014673370,0.8,0.4
wastesorting,random,2,28,3041513348,0.8,0.4
wastesorting,ours-when-only,2,28,3041513348,0.8,0.4
wastesorting,ours-what-only,2,28,3041513348,0.8,0.4
wastesorting,ours,2,28,3041513348,0.8,0.4
wastesorting,random,2,29,3100998094,0.8,0.4
wastesorting,ours-when-only,2,29,3100998094,0.8,0.4
wastesorting,ours-what-only,2,29,3100998094,0.8,0.4
wastesorting,ours,2,29,3100998094,0.8,0.4
wastesorting,random,2,30,2006819571,0.8,0.4
wastesorting,ours-when-only,2,30,2006819571,0.8,0.4
wastesorting,ours-what-only,2,30,2006819571,0.8,0.4
wastesorting,ours,2,30,2006819571,0.8,0.4
wastesorting,random,2,31,604661570,0.8,0.4
wastesorting,ours-when-only,2,31,604661570,0.8,0.4
wastesorting,ours-what-only,2,31,604661570,0.8,0.4
wastesorting,ours,2,31,604661570,0.8,0.4
wastesorting,random,2,32,1859675682,0.8,0.4
wastesorting,ours-when-only,2,32,1859675682,0.8,0.4
wastesorting,ours-what-only,2,32,1859675682,0.8,0.4
wastesorting,ours,2,32,1859675682,0.8,0.4
wastesorting,random,2,33,2681088983,0.8,0.4
wastesorting,ours-when-only,2,33,2681088983,0.8,0.4
wastesorting,ours-what-only,2,33,2681088983,0.8,0.4
wastesorting,ours,2,33,2681088983,0.8,0.4
wastesorting,random,2,34,2903446598,0.8,0.4
wastesorting,ours-when-only,2,34,2903446598,0.8,0.4
wastesorting,ours-what-only,2,34,2903446598,0.8,0.4
wastesorting,ours,2,34,2903446598,0.8,0.4
wastesorting,random,2,35,4138266715,0.8,0.4
wastesorting,ours-when-only,2,35,4138266715,0.8,0.4
wastesorting,ours-what-only,2,35,4138266715,0.8,0.4
wastesorting,ours,2,35,4138266715,0.8,0.4
wastesorting,random,2,36,3361930932,0.8,0.4
wastesorting,ours-when-only,2,36,3361930932,0.8,0.4
wastesorting,ours-what-only,2,36,3361930932,0.8,0.4
wastesorting,ours,2,36,3361930932,0.8,0.4
wastesorting,random,2,37,2679542969,0.8,0.4
wastesorting,ours-when-only,2,37,2679542969,0.8,0.4
wastesorting,ours-what-only,2,37,2679542969,0.8,0.4
wastesorting,ours,2,37,2679542969,0.8,0.4
wastesorting,random,2,38,1191125615,0.8,0.4
wastesorting,ours-when-only,2,38,1191125615,0.8,0.4
wastesorting,ours-what-only,2,38,1191125615,0.8,0.4
wastesorting,ours,2,38,1191125615,0.8,0.4
wastesorting,random,2,39,2226175700,0.8,0.4
wastesorting,ours-when-only,2,39,2226175700,0.8,0.4
wastesorting,ours-what-only,2,39,2226175700,0.8,0.4
wastesorting,ours,2,39,2226175700,0.8,0.4
wastesorting,random,2,40,3749131969,0.8,0.4
wastesorting,ours-when-only,2,40,3749131969,0.8,0.4
wastesorting,ours-what-only,2,40,3749131969,0.8,0.4
wastesorting,ours,2,40,3749131969,0.8,0.4
wastesorting,random,3,1,935228514,0.8,0.4
wastesorting,ours-when-only,3,1,935228514,0.8,0.4
wastesorting,ours-what-only,3,1,935228514,0.8,0.4
wastesorting,ours,3,1,935228514,0.8,0.4
wastesorting,random,3,2,1971182115,0.8,0.4
wastesorting,ours-when-only,3,2,1971182115,0.8,0.4
wastesorting,ours-what-only,3,2,1971182115,0.8,0.4
wastesorting,ours,3,2,1971182115,0.8,0.4
wastesorting,random,3,3,2394637227,0.8,0.4
wastesorting,ours-when-only,3,3,2394637227,0.8,0.4
wastesorting,ours-what-only,3,3,2394637227,0.8,0.4
wastesorting,ours,3,3,2394637227,0.8,0.4
wastesorting,random,3,4,3544407771,0.8,0.4
wastesorting,ours-when-only,3,4,3544407771,0.8,0.4
wastesorting,ours-what-only,3,4,3544407771,0.8,0.4
wastesorting,ours,3,4,3544407771,0.8,0.4
wastesorting,random,3,5,151419445,0.8,0.4
wastesorting,ours-when-only,3,5,151419445,0.8,0.4
wastesorting,ours-what-only,3,5,151419445,0.8,0.4
wastesorting,ours,3,5,151419445,0.8,0.4
wastesorting,random,3,6,878097152,0.8,0.4
wastesorting,ours-when-only,3,6,878097152,0.8,0.4
wastesorting,ours-what-only,3,6,878097152,0.8,0.4
wastesorting,ours,3,6,878097152,0.8,0.4
wastesorting,random,3,7,2160290877,0.8,0.4
wastesorting,ours-when-only,3,7,2160290877,0.8,0.4
wastesorting,ours-what-only,3,7,2160290877,0.8,0.4
wastesorting,ours,3,7,2160290877,0.8,0.4
wastesorting,random,3,8,1263200062,0.8,0.4
wastesorting,ours-when-only,3,8,1263200062,0.8,0.4
wastesorting,ours-what-only,3,8,1263200062,0.8,0.4
wastesorting,ours,3,8,1263200062,0.8,0.4
wastesorting,random,3,9,2442584840,0.8,0.4
wastesorting,ours-when-only,3,9,2442584840,0.8,0.4
wastesorting,ours-what-only,3,9,2442584840,0.8,0.4
wastesorting,ours,3,9,2442584840,0.8,0.4
wastesorting,random,3,10,995062266,0.8,0.4
wastesorting,ours-when-only,3,10,995062266,0.8,0.4
wastesorting,ours-what-only,3,10,995062266,0.8,0.4
wastesorting,ours,3,10,995062266,0.8,0.4
wastesorting,random,3,11,1757091912,0.8,0.4
wastesorting,ours-when-only,3,11,1757091912,0.8,0.4
wastesorting,ours-what-only,3,11,1757091912,0.8,0.4
wastesorting,ours,3,11,1757091912,0.8,0.4
wastesorting,random,3,12,703706258,0.8,0.4
wastesorting,ours-when-only,3,12,703706258,0.8,0.4
wastesorting,ours-what-only,3,12,703706258,0.8,0.4
wastesorting,ours,3,12,703706258,0.8,0.4
wastesorting,random,3,13,3734705447,0.8,0.4
wastesorting,ours-when-only,3,13,3734705447,0.8,0.4
wastesorting,ours-what-only,3,13,3734705447,0.8,0.4
wastesorting,ours,3,13,3734705447,0.8,0.4
wastesorting,random,3,14,808931924,0.8,0.4
wastesorting,ours-when-only,3,14,808931924,0.8,0.4
wastesorting,ours-what-only,3,14,808931924,0.8,0.4
wastesorting,ours,3,14,808931924,0.8,0.4
wastesorting,random,3,15,1010706734,0.8,0.4
wastesorting,ours-when-only,3,15,1010706734,0.8,0.4
wastesorting,ours-what-only,3,15,1010706734,0.8,0.4
wastesorting,ours,3,15,1010706734,0.8,0.4
wastesorting,random,3,16,1790509877,0.8,0.4
wastesorting,ours-when-only,3,16,1790509877,0.8,0.4
wastesorting,ours-what-only,3,16,1790509877,0.8,0.4
wastesorting,ours,3,16,1790509877,0.8,0.4
wastesorting,random,3,17,1862543915,0.8,0.4
wastesorting,ours-when-only,3,17,1862543915,0.8,0.4
wastesorting,ours-what-only,3,17,1862543915,0.8,0.4
wastesorting,ours,3,17,1862543915,0.8,0.4
wastesorting,random,3,18,2836132436,0.8,0.4
wastesorting,ours-when-only,3,18,2836132436,0.8,0.4
wastesorting,ours-what-only,3,18,2836132436,0.8,0.4
wastesorting,ours,3,18,2836132436,0.8,0.4
wastesorting,random,3,19,4248209127,0.8,0.4
wastesorting,ours-when-only,3,19,4248209127,0.8,0.4
wastesorting,ours-what-only,3,19,4248209127,0.8,0.4
wastesorting,ours,3,19,4248209127,0.8,0.4
wastesorting,random,3,20,1312241461,0.8,0.4
wastesorting,ours-when-only,3,20,1312241461,0.8,0.4
wastesorting,ours-what-only,3,20,1312241461,0.8,0.4
wastesorting,ours,3,20,1312241461,0.8,0.4
wastesorting,random,3,21,1849750684,0.8,0.4
wastesorting,ours-when-only,3,21,1849750684,0.8,0.4
wastesorting,ours-what-only,3,21,1849750684,0.8,0.4
wastesorting,ours,3,21,1849750684,0.8,0.4
wastesorting,random,3,22,3532582087,0.8,0.4
wastesorting,ours-when-only,3,22,3532582087,0.8,0.4
wastesorting,ours-what-only,3,22,3532582087,0.8,0.4
wastesorting,ours,3,22,3532582087,0.8,0.4
wastesorting,random,3,23,1682900593,0.8,0.4
wastesorting,ours-when-only,3,23,1682900593,0.8,0.4
wastesorting,ours-what-only,3,23,1682900593,0.8,0.4
wastesorting,ours,3,23,1682900593,0.8,0.4
wastesorting,random,3,24,2815362486,0.8,0.4
wastesorting,ours-when-only,3,24,2815362486,0.8,0.4
wastesorting,ours-what-only,3,24,2815362486,0.8,0.4
wastesorting,ours,3,24,2815362486,0.8,0.4
wastesorting,random,3,25,408728855,0.8,0.4
wastesorting,ours-when-only,3,25,408728855,0.8,0.4
wastesorting,ours-what-only,3,25,408728855,0.8,0.4
wastesorting,ours,3,25,408728855,0.8,0.4
wastesorting,random,3,26,2192330955,0.8,0.4
wastesorting,ours-when-only,3,26,2192330955,0.8,0.4
wastesorting,ours-what-only,3,26,2192330955,0.8,0.4
wastesorting,ours,3,26,2192330955,0.8,0.4
wastesorting,random,3,27,2090573975,0.8,0.4
wastesorting,ours-when-only,3,27,2090573975,0.8,0.4
wastesorting,ours-what-only,3,27,2090573975,0.8,0.4
wastesorting,ours,3,27,2090573975,0.8,0.4
wastesorting,random,3,28,1932548607,0.8,0.4
wastesorting,ours-when-only,3,28,1932548607,0.8,0.4
wastesorting,ours-what-only,3,28,1932548607,0.8,0.4
wastesorting,ours,3,28,1932548607,0.8,0.4
wastesorting,random,3,29,1123572063,0.8,0.4
wastesorting,ours-when-only,3,29,1123572063,0.8,0.4
wastesorting,ours-what-only,3,29,1123572063,0.8,0.4
wastesorting,ours,3,29,1123572063,0.8,0.4
wastesorting,random,3,30,4128056421,0.8,0.4
wastesorting,ours-when-only,3,30,4128056421,0.8,0.4
wastesorting,ours-what-only,3,30,4128056421,0.8,0.4
wastesorting,ours,3,30,4128056421,0.8,0.4
wastesorting,random,3,31,428908864,0.8,0.4
wastesorting,ours-when-only,3,31,428908864,0.8,0.4
wastesorting,ours-what-only,3,31,428908864,0.8,0.4
wastesorting,ours,3,31,428908864,0.8,0.4
wastesorting,random,3,32,3643526193,0.8,0.4
wastesorting,ours-when-only,3,32,3643526193,0.8,0.4
wastesorting,ours-what-only,3,32,3643526193,0.8,0.4
wastesorting,ours,3,32,3643526193,0.8,0.4
wastesorting,random,3,33,3925417317,0.8,0.4
wastesorting,ours-when-only,3,33,3925417317,0.8,0.4
wastesorting,ours-what-only,3,33,3925417317,0.8,0.4
wastesorting,ours,3,33,3925417317,0.8,0.4
wastesorting,random,3,34,3952233946,0.8,0.4
wastesorting,ours-when-only,3,34,3952233946,0.8,0.4
wastesorting,ours-what-only,3,34,3952233946,0.8,0.4
wastesorting,ours,3,34,3952233946,0.8,0.4
wastesorting,random,3,35,3772505736,0.8,0.4
wastesorting,ours-when-only,3,35,3772505736,0.8,0.4
wastesorting,ours-what-only,3,35,3772505736,0.8,0.4
wastesorting,ours,3,35,3772505736,0.8,0.4
wastesorting,random,3,36,2200107462,0.8,0.4
wastesorting,ours-when-only,3,36,2200107462,0.8,0.4
wastesorting,ours-what-only,3,36,2200107462,0.8,0.4
wastesorting,ours,3,36,2200107462,0.8,0.4
wastesorting,random,3,37,1065524053,0.8,0.4
wastesorting,ours-when-only,3,37,1065524053,0.8,0.4
wastesorting,ours-what-only,3,37,1065524053,0.8,0.4
wastesorting,ours,3,37,1065524053,0.8,0.4
wastesorting,random,3,38,1429072852,0.8,0.4
wastesorting,ours-when-only,3,38,1429072852,0.8,0.4
wastesorting,ours-what-only,3,38,1429072852,0.8,0.4
wastesorting,ours,3,38,1429072852,0.8,0.4
wastesorting,random,3,39,1198822842,0.8,0.4
wastesorting,ours-when-only,3,39,1198822842,0.8,0.4
wastesorting,ours-what-only,3,39,1198822842,0.8,0.4
wastesorting,ours,3,39,1198822842,0.8,0.4
wastesorting,random,3,40,864565644,0.8,0.4
wastesorting,ours-when-only,3,40,864565644,0.8,0.4
wastesorting,ours-what-only,3,40,864565644,0.8,0.4
wastesorting,ours,3,40,864565644,0.8,0.4
wastesorting,random,4,1,3291161639,0.8,0.4
wastesorting,ours-when-only,4,1,3291161639,0.8,0.4
wastesorting,ours-what-only,4,1,3291161639,0.8,0.4
wastesorting,ours,4,1,3291161639,0.8,0.4
wastesorting,random,4,2,1838985415,0.8,0.4
wastesorting,ours-when-only,4,2,1838985415,0.8,0.4
wastesorting,ours-what-only,4,2,1838985415,0.8,0.4
wastesorting,ours,4,2,1838985415,0.8,0.4
wastesorting,random,4,3,1973069430,0.8,0.4
wastesorting,ours-when-only,4,3,1973069430,0.8,0.4
wastesorting,ours-what-only,4,3,1973069430,0.8,0.4
wastesorting,ours,4,3,1973069430,0.8,0.4
wastesorting,random,4,4,414427021,0.8,0.4
wastesorting,ours-when-only,4,4,414427021,0.8,0.4
wastesorting,ours-what-only,4,4,414427021,0.8,0.4
wastesorting,ours,4,4,414427021,0.8,0.4
wastesorting,random,4,5,3201562577,0.8,0.4
wastesorting,ours-when-only,4,5,3201562577,0.8,0.4
wastesorting,ours-what-only,4,5,3201562577,0.8,0.4
wastesorting,ours,4,5,3201562577,0.8,0.4
wastesorting,random,4,6,2350780499,0.8,0.4
wastesorting,ours-when-only,4,6,2350780499,0.8,0.4
wastesorting,ours-what-only,4,6,2350780499,0.8,0.4
wastesorting,ours,4,6,2350780499,0.8,0.4
wastesorting,random,4,7,2401657902,0.8,0.4
wastesorting,ours-when-only,4,7,2401657902,0.8,0.4
wastesorting,ours-what-only,4,7,2401657902,0.8,0.4
wastesorting,ours,4,7,2401657902,0.8,0.4
wastesorting,random,4,8,3182553066,0.8,0.4
wastesorting,ours-when-only,4,8,3182553066,0.8,0.4
wastesorting,ours-what-only,4,8,3182553066,0.8,0.4
wastesorting,ours,4,8,3182553066,0.8,0.4
wastesorting,random,4,9,1147895942,0.8,0.4
wastesorting,ours-when-only,4,9,1147895942,0.8,0.4
wastesorting,ours-what-only,4,9,1147895942,0.8,0.4
wastesorting,ours,4,9,1147895942,0.8,0.4
wastesorting,random,4,10,472386282,0.8,0.4
wastesorting,ours-when-only,4,10,472386282,0.8,0.4
wastesorting,ours-what-only,4,10,472386282,0.8,0.4
wastesorting,ours,4,10,472386282,0.8,0.4
wastesorting,random,4,11,558605806,0.8,0.4
wastesorting,ours-when-only,4,11,558605806,0.8,0.4
wastesorting,ours-what-only,4,11,558605806,0.8,0.4
wastesorting,ours,4,11,558605806,0.8,0.4
wastesorting,random,4,12,3110233099,0.8,0.4
wastesorting,ours-when-only,4,12,3110233099,0.8,0.4
wastesorting,ours-what-only,4,12,3110233099,0.8,0.4
wastesorting,ours,4,12,3110233099,0.8,0.4
wastesorting,random,4,13,1105776053,0.8,0.4
wastesorting,ours-when-only,4,13,1105776053,0.8,0.4
wastesorting,ours-what-only,4,13,1105776053,0.8,0.4
wastesorting,ours,4,13,1105776053,0.8,0.4
wastesorting,random,4,14,3718837247,0.8,0.4
wastesorting,ours-when-only,4,14,3718837247,0.8,0.4
wastesorting,ours-what-only,4,14,3718837247,0.8,0.4
wastesorting,ours,4,14,3718837247,0.8,0.4
wastesorting,random,4,15,4193229496,0.8,0.4
wastesorting,ours-when-only,4,15,4193229496,0.8,0.4
wastesorting,ours-what-only,4,15,4193229496,0.8,0.4
wastesorting,ours,4,15,4193229496,0.8,0.4
wastesorting,random,4,16,3369209442,0.8,0.4
wastesorting,ours-when-only,4,16,3369209442,0.8,0.4
wastesorting,ours-what-only,4,16,3369209442,0.8,0.4
wastesorting,ours,4,16,3369209442,0.8,0.4
wastesorting,random,4,17,3692021791,0.8,0.4
wastesorting,ours-when-only,4,17,3692021791,0.8,0.4
wastesorting,ours-what-only,4,17,3692021791,0.8,0.4
wastesorting,ours,4,17,3692021791,0.8,0.4
wastesorting,random,4,18,1445352403,0.8,0.4
wastesorting,ours-when-only,4,18,1445352403,0.8,0.4
wastesorting,ours-what-only,4,18,1445352403,0.8,0.4
wastesorting,ours,4,18,1445352403,0.8,0.4
wastesorting,random,4,19,2413410080,0.8,0.4
wastesorting,ours-when-only,4,19,2413410080,0.8,0.4
wastesorting,ours-what-only,4,19,2413410080,0.8,0.4
wastesorting,ours,4,19,2413410080,0.8,0.4
wastesorting,random,4,20,3310113005,0.8,0.4
wastesorting,ours-when-only,4,20,3310113005,0.8,0.4
wastesorting,ours-what-only,4,20,3310113005,0.8,0.4
wastesorting,ours,4,20,3310113005,0.8,0.4
wastesorting,random,4,21,1619001990,0.8,0.4
wastesorting,ours-when-only,4,21,1619001990,0.8,0.4
wastesorting,ours-what-only,4,21,1619001990,0.8,0.4
wastesorting,ours,4,21,1619001990,0.8,0.4
wastesorting,random,4,22,3414205865,0.8,0.4
wastesorting,ours-when-only,4,22,3414205865,0.8,0.4
wastesorting,ours-what-only,4,22,3414205865,0.8,0.4
wastesorting,ours,4,22,3414205865,0.8,0.4
wastesorting,random,4,23,3989924643,0.8,0.4
wastesorting,ours-when-only,4,23,3989924643,0.8,0.4
wastesorting,ours-what-only,4,23,3989924643,0.8,0.4
wastesorting,ours,4,23,3989924643,0.8,0.4
wastesorting,random,4,24,1493522614,0.8,0.4
wastesorting,ours-when-only,4,24,1493522614,0.8,0.4
wastesorting,ours-what-only,4,24,1493522614,0.8,0.4
wastesorting,ours,4,24,1493522614,0.8,0.4
wastesorting,random,4,25,13571565,0.8,0.4
wastesorting,ours-when-only,4,25,13571565,0.8,0.4
wastesorting,ours-what-only,4,25,13571565,0.8,0.4
wastesorting,ours,4,25,13571565,0.8,0.4
wastesorting,random,4,26,2630099760,0.8,0.4
wastesorting,ours-when-only,4,26,2630099760,0.8,0.4
wastesorting,ours-what-only,4,26,2630099760,0.8,0.4
wastesorting,ours,4,26,2630099760,0.8,0.4
wastesorting,random,4,27,3787165175,0.8,0.4
wastesorting,ours-when-only,4,27,3787165175,0.8,0.4
wastesorting,ours-what-only,4,27,3787165175,0.8,0.4
wastesorting,ours,4,27,3787165175,0.8,0.4
wastesorting,random,4,28,1518896079,0.8,0.4
wastesorting,ours-when-only,4,28,1518896079,0.8,0.4
wastesorting,ours-what-only,4,28,1518896079,0.8,0.4
wastesorting,ours,4,28,1518896079,0.8,0.4
wastesorting,random,4,29,506359200,0.8,0.4
wastesorting,ours-when-only,4,29,506359200,0.8,0.4
wastesorting,ours-what-only,4,29,506359200,0.8,0.4
wastesorting,ours,4,29,506359200,0.8,0.4
wastesorting,random,4,30,2303938088,0.8,0.4
wastesorting,ours-when-only,4,30,2303938088,0.8,0.4
wastesorting,ours-what-only,4,30,2303938088,0.8,0.4
wastesorting,ours,4,30,2303938088,0.8,0.4
wastesorting,random,4,31,1783261924,0.8,0.4
wastesorting,ours-when-only,4,31,1783261924,0.8,0.4
wastesorting,ours-what-only,4,31,1783261924,0.8,0.4
wastesorting,ours,4,31,1783261924,0.8,0.4
wastesorting,random,4,32,3973487875,0.8,0.4
wastesorting,ours-when-only,4,32,3973487875,0.8,0.4
wastesorting,ours-what-only,4,32,3973487875,0.8,0.4
wastesorting,ours,4,32,3973487875,0.8,0.4
wastesorting,random,4,33,3576324234,0.8,0.4
wastesorting,ours-when-only,4,33,3576324234,0.8,0.4
wastesorting,ours-what-only,4,33,3576324234,0.8,0.4
wastesorting,ours,4,33,3576324234,0.8,0.4
wastesorting,random,4,34,3966743771,0.8,0.4
wastesorting,ours-when-only,4,34,3966743771,0.8,0.4
wastesorting,ours-what-only,4,34,3966743771,0.8,0.4
wastesorting,ours,4,34,3966743771,0.8,0.4
wastesorting,random,4,35,3292785302,0.8,0.4
wastesorting,ours-when-only,4,35,3292785302,0.8,0.4
wastesorting,ours-what-only,4,35,3292785302,0.8,0.4
wastesorting,ours,4,35,3292785302,0.8,0.4
wastesorting,random,4,36,2877610580,0.8,0.4
wastesorting,ours-when-only,4,36,2877610580,0.8,0.4
wastesorting,ours-what-only,4,36,2877610580,0.8,0.4
wastesorting,ours,4,36,2877610580,0.8,0.4
wastesorting,random,4,37,1852316728,0.8,0.4
wastesorting,ours-when-only,4,37,1852316728,0.8,0.4
wastesorting,ours-what-only,4,37,1852316728,0.8,0.4
wastesorting,ours,4,37,1852316728,0.8,0.4
wastesorting,random,4,38,132699259,0.8,0.4
wastesorting,ours-when-only,4,38,132699259,0.8,0.4
wastesorting,ours-what-only,4,38,132699259,0.8,0.4
wastesorting,ours,4,38,132699259,0.8,0.4
wastesorting,random,4,39,1117810574,0.8,0.4
wastesorting,ours-when-only,4,39,1117810574,0.8,0.4
wastesorting,ours-what-only,4,39,1117810574,0.8,0.4
wastesorting,ours,4,39,1117810574,0.8,0.4
wastesorting,random,4,40,2967203946,0.8,0.4
wastesorting,ours-when-only,4,40,2967203946,0.8,0.4
wastesorting,ours-what-only,4,40,2967203946,0.8,0.4
wastesorting,ours,4,40,2967203946,0.8,0.4
wastesorting,random,5,1,630828154,0.8,0.4
wastesorting,ours-when-only,5,1,630828154,0.8,0.4
wastesorting,ours-what-only,5,1,630828154,0.8,0.4
wastesorting,ours,5,1,630828154,0.8,0.4
wastesorting,random,5,2,435659992,0.8,0.4
wastesorting,ours-when-only,5,2,435659992,0.8,0.4
wastesorting,ours-what-only,5,2,435659992,0.8,0.4
wastesorting,ours,5,2,435659992,0.8,0.4
wastesorting,random,5,3,3537170530,0.8,0.4
wastesorting,ours-when-only,5,3,3537170530,0.8,0.4
wastesorting,ours-what-only,5,3,3537170530,0.8,0.4
wastesorting,ours,5,3,3537170530,0.8,0.4
wastesorting,random,5,4,1280378645,0.8,0.4
wastesorting,ours-when-only,5,4,1280378645,0.8,0.4
wastesorting,ours-what-only,5,4,1280378645,0.8,0.4
wastesorting,ours,5,4,1280378645,0.8,0.4
wastesorting,random,5,5,3656925474,0.8,0.4
wastesorting,ours-when-only,5,5,3656925474,0.8,0.4
wastesorting,ours-what-only,5,5,3656925474,0.8,0.4
wastesorting,ours,5,5,3656925474,0.8,0.4
wastesorting,random,5,6,1489971784,0.8,0.4
wastesorting,ours-when-only,5,6,1489971784,0.8,0.4
wastesorting,ours-what-only,5,6,1489971784,0.8,0.4
wastesorting,ours,5,6,1489971784,0.8,0.4
wastesorting,random,5,7,3520141308,0.8,0.4
wastesorting,ours-when-only,5,7,3520141308,0.8,0.4
wastesorting,ours-what-only,5,7,3520141308,0.8,0.4
wastesorting,ours,5,7,3520141308,0.8,0.4
wastesorting,random,5,8,411692590,0.8,0.4
wastesorting,ours-when-only,5,8,411692590,0.8,0.4
wastesorting,ours-what-only,5,8,411692590,0.8,0.4
wastesorting,ours,5,8,411692590,0.8,0.4
wastesorting,random,5,9,2624923704,0.8,0.4
wastesorting,ours-when-only,5,9,2624923704,0.8,0.4
wastesorting,ours-what-only,5,9,2624923704,0.8,0.4
wastesorting,ours,5,9,2624923704,0.8,0.4
wastesorting,random,5,10,3130661448,0.8,0.4
wastesorting,ours-when-only,5,10,3130661448,0.8,0.4
wastesorting,ours-what-only,5,10,3130661448,0.8,0.4
wastesorting,ours,5,10,3130661448,0.8,0.4
wastesorting,random,5,11,3622248746,0.8,0.4
wastesorting,ours-when-only,5,11,3622248746,0.8,0.4
wastesorting,ours-what-only,5,11,3622248746,0.8,0.4
wastesorting,ours,5,11,3622248746,0.8,0.4
wastesorting,random,5,12,600649243,0.8,0.4
wastesorting,ours-when-only,5,12,600649243,0.8,0.4
wastesorting,ours-what-only,5,12,600649243,0.8,0.4
wastesorting,ours,5,12,600649243,0.8,0.4
wastesorting,random,5,13,3690243405,0.8,0.4
wastesorting,ours-when-only,5,13,3690243405,0.8,0.4
wastesorting,ours-what-only,5,13,3690243405,0.8,0.4
wastesorting,ours,5,13,3690243405,0.8,0.4
wastesorting,random,5,14,2666206818,0.8,0.4
wastesorting,ours-when-only,5,14,2666206818,0.8,0.4
wastesorting,ours-what-only,5,14,2666206818,0.8,0.4
wastesorting,ours,5,14,2666206818,0.8,0.4
wastesorting,random,5,15,2681637189,0.8,0.4
wastesorting,ours-when-only,5,15,2681637189,0.8,0.4
wastesorting,ours-what-only,5,15,2681637189,0.8,0.4
wastesorting,ours,5,15,2681637189,0.8,0.4
wastesorting,random,5,16,3586644066,0.8,0.4
wastesorting,ours-when-only,5,16,3586644066,0.8,0.4
wastesorting,ours-what-only,5,16,3586644066,0.8,0.4
wastesorting,ours,5,16,3586644066,0.8,0.4
wastesorting,random,5,17,3677160998,0.8,0.4
wastesorting,ours-when-only,5,17,3677160998,0.8,0.4
wastesorting,ours-what-only,5,17,3677160998,0.8,0.4
wastesorting,ours,5,17,3677160998,0.8,0.4
wastesorting,random,5,18,1159978775,0.8,0.4
wastesorting,ours-when-only,5,18,1159978775,0.8,0.4
wastesorting,ours-what-only,5,18,1159978775,0.8,0.4
wastesorting,ours,5,18,1159978775,0.8,0.4
wastesorting,random,5,19,4128091398,0.8,0.4
wastesorting,ours-when-only,5,19,4128091398,0.8,0.4
wastesorting,ours-what-only,5,19,4128091398,0.8,0.4
wastesorting,ours,5,19,4128091398,0.8,0.4
wastesorting,random,5,20,3351623416,0.8,0.4
wastesorting,ours-when-only,5,20,3351623416,0.8,0.4
wastesorting,ours-what-only,5,20,3351623416,0.8,0.4
wastesorting,ours,5,20,3351623416,0.8,0.4
wastesorting,random,5,21,3215763495,0.8,0.4
wastesorting,ours-when-only,5,21,3215763495,0.8,0.4
wastesorting,ours-what-only,5,21,3215763495,0.8,0.4
wastesorting,ours,5,21,3215763495,0.8,0.4
wastesorting,random,5,22,1045924611,0.8,0.4
wastesorting,ours-when-only,5,22,1045924611,0.8,0.4
wastesorting,ours-what-only,5,22,1045924611,0.8,0.4
wastesorting,ours,5,22,1045924611,0.8,0.4
wastesorting,random,5,23,449704548,0.8,0.4
wastesorting,ours-when-only,5,23,449704548,0.8,0.4
wastesorting,ours-what-only,5,23,449704548,0.8,0.4
wastesorting,ours,5,23,449704548,0.8,0.4
wastesorting,random,5,24,1253677920,0.8,0.4
wastesorting,ours-when-only,5,24,1253677920,0.8,0.4
wastesorting,ours-what-only,5,24,1253677920,0.8,0.4
wastesorting,ours,5,24,1253677920,0.8,0.4
wastesorting,random,5,25,382724118,0.8,0.4
wastesorting,ours-when-only,5,25,382724118,0.8,0.4
wastesorting,ours-what-only,5,25,382724118,0.8,0.4
wastesorting,ours,5,25,382724118,0.8,0.4
wastesorting,random,5,26,4085569034,0.8,0.4
wastesorting,ours-when-only,5,26,4085569034,0.8,0.4
wastesorting,ours-what-only,5,26,4085569034,0.8,0.4
wastesorting,ours,5,26,4085569034,0.8,0.4
wastesorting,random,5,27,1045529480,0.8,0.4
wastesorting,ours-when-only,5,27,1045529480,0.8,0.4
wastesorting,ours-what-only,5,27,1045529480,0.8,0.4
wastesorting,ours,5,27,1045529480,0.8,0.4
wastesorting,random,5,28,2875578355,0.8,0.4
wastesorting,ours-when-only,5,28,2875578355,0.8,0.4
wastesorting,ours-what-only,5,28,2875578355,0.8,0.4
wastesorting,ours,5,28,2875578355,0.8,0.4
wastesorting,random,5,29,230996701,0.8,0.4
wastesorting,ours-when-only,5,29,230996701,0.8,0.4
wastesorting,ours-what-only,5,29,230996701,0.8,0.4
wastesorting,ours,5,29,230996701,0.8,0.4
wastesorting,random,5,30,4259545291,0.8,0.4
wastesorting,ours-when-only,5,30,4259545291,0.8,0.4
wastesorting,ours-what-only,5,30,4259545291,0.8,0.4
wastesorting,ours,5,30,4259545291,0.8,0.4
wastesorting,random,5,31,671361218,0.8,0.4
wastesorting,ours-when-only,5,31,671361218,0.8,0.4
wastesorting,ours-what-only,5,31,671361218,0.8,0.4
wastesorting,ours,5,31,671361218,0.8,0.4
wastesorting,random,5,32,1668817081,0.8,0.4
wastesorting,ours-when-only,5,32,1668817081,0.8,0.4
wastesorting,ours-what-only,5,32,1668817081,0.8,0.4
wastesorting,ours,5,32,1668817081,0.8,0.4
wastesorting,random,5,33,3225313600,0.8,0.4
wastesorting,ours-when-only,5,33,3225313600,0.8,0.4
wastesorting,ours-what-only,5,33,3225313600,0.8,0.4
wastesorting,ours,5,33,3225313600,0.8,0.4
wastesorting,random,5,34,1380997039,0.8,0.4
wastesorting,ours-when-only,5,34,1380997039,0.8,0.4
wastesorting,ours-what-only,5,34,1380997039,0.8,0.4
wastesorting,ours,5,34,1380997039,0.8,0.4
wastesorting,random,5,35,2300990510,0.8,0.4
wastesorting,ours-when-only,5,35,2300990510,0.8,0.4
wastesorting,ours-what-only,5,35,2300990510,0.8,0.4
wastesorting,ours,5,35,2300990510,0.8,0.4
wastesorting,random,5,36,2645731214,0.8,0.4
wastesorting,ours-when-only,5,36,2645731214,0.8,0.4
wastesorting,ours-what-only,5,36,2645731214,0.8,0.4
wastesorting,ours,5,36,2645731214,0.8,0.4
wastesorting,random,5,37,1980913558,0.8,0.4
wastesorting,ours-when-only,5,37,1980913558,0.8,0.4
wastesorting,ours-what-only,5,37,1980913558,0.8,0.4
wastesorting,ours,5,37,1980913558,0.8,0.4
wastesorting,random,5,38,4060354637,0.8,0.4
wastesorting,ours-when-only,5,38,4060354637,0.8,0.4
wastesorting,ours-what-only,5,38,4060354637,0.8,0.4
wastesorting,ours,5,38,4060354637,0.8,0.4
wastesorting,random,5,39,3979866682,0.8,0.4
wastesorting,ours-when-only,5,39,3979866682,0.8,0.4
wastesorting,ours-what-only,5,39,3979866682,0.8,0.4
wastesorting,ours,5,39,3979866682,0.8,0.4
wastesorting,random,5,40,2741241943,0.8,0.4
wastesorting,ours-when-only,5,40,2741241943,0.8,0.4
wastesorting,ours-what-only,5,40,2741241943,0.8,0.4
wastesorting,ours,5,40,2741241943,0.8,0.4
