global_index,domain,scene,answer_type,noisy_oracle_accuracy,noisy_oracle_error_rate,threshold,seed_mode,max_step,runner
1,wastesorting,01,oracle,0.0,0.0,0.8,random,50,knowno
2,wastesorting,01,oracle,0.0,0.0,0.8,random,50,knowno
3,wastesorting,01,oracle,0.0,0.0,0.8,random,50,knowno
4,wastesorting,01,oracle,0.0,0.0,0.8,random,50,knowno
5,wastesorting,01,oracle,0.0,0.0,0.8,random,50,knowno
6,wastesorting,01,oracle,0.0,0.0,0.8,random,50,knowno
7,wastesorting,01,oracle,0.0,0.0,0.8,random,50,knowno
8,wastesorting,01,oracle,0.0,0.0,0.8,random,50,knowno
9,wastesorting,01,oracle,0.0,0.0,0.8,random,50,knowno
10,wastesorting,01,oracle,0.0,0.0,0.8,random,50,knowno
11,wastesorting,01,oracle,0.0,0.0,0.8,random,50,knowno
12,wastesorting,01,oracle,0.0,0.0,0.8,random,50,knowno
13,wastesorting,01,oracle,0.0,0.0,0.8,random,50,knowno
14,wastesorting,01,oracle,0.0,0.0,0.8,random,50,knowno
15,wastesorting,01,oracle,0.0,0.0,0.8,random,50,knowno
16,wastesorting,01,oracle,0.0,0.0,0.8,random,50,knowno
17,wastesorting,01,oracle,0.0,0.0,0.8,random,50,knowno
18,wastesorting,01,oracle,0.0,0.0,0.8,random,50,knowno
19,wastesorting,01,oracle,0.0,0.0,0.8,random,50,knowno
20,wastesorting,01,oracle,0.0,0.0,0.8,random,50,knowno
21,wastesorting,01,oracle,0.0,0.0,0.8,random,50,knowno
22,wastesorting,01,oracle,0.0,0.0,0.8,random,50,knowno
23,wastesorting,01,oracle,0.0,0.0,0.8,random,50,knowno
24,wastesorting,01,oracle,0.0,0.0,0.8,random,50,knowno
25,wastesorting,01,oracle,0.0,0.0,0.8,random,50,knowno
26,wastesorting,01,oracle,0.0,0.0,0.8,random,50,knowno
27,wastesorting,01,oracle,0.0,0.0,0.8,random,50,knowno
28,wastesorting,01,oracle,0.0,0.0,0.8,random,50,knowno
29,wastesorting,01,oracle,0.0,0.0,0.8,random,50,knowno
30,wastesorting,01,oracle,0.0,0.0,0.8,random,50,knowno
31,wastesorting,01,oracle,0.0,0.0,0.8,random,50,knowno
32,wastesorting,01,oracle,0.0,0.0,0.8,random,50,knowno
33,wastesorting,01,oracle,0.0,0.0,0.8,random,50,knowno
34,wastesorting,01,oracle,0.0,0.0,0.8,random,50,knowno
35,wastesorting,01,oracle,0.0,0.0,0.8,random,50,knowno
36,wastesorting,01,oracle,0.0,0.0,0.8,random,50,knowno
37,wastesorting,01,oracle,0.0,0.0,0.8,random,50,knowno
38,wastesorting,01,oracle,0.0,0.0,0.8,random,50,knowno
39,wastesorting,01,oracle,0.0,0.0,0.8,random,50,knowno
40,wastesorting,01,oracle,0.0,0.0,0.8,random,50,knowno
41,wastesorting,01,human-proxy,0.0,0.0,0.8,random,50,knowno
42,wastesorting,01,human-proxy,0.0,0.0,0.8,random,50,knowno
43,wastesorting,01,human-proxy,0.0,0.0,0.8,random,50,knowno
44,wastesorting,01,human-proxy,0.0,0.0,0.8,random,50,knowno
45,wastesorting,01,human-proxy,0.0,0.0,0.8,random,50,knowno
46,wastesorting,01,human-proxy,0.0,0.0,0.8,random,50,knowno
47,wastesorting,01,human-proxy,0.0,0.0,0.8,random,50,knowno
48,wastesorting,01,human-proxy,0.0,0.0,0.8,random,50,knowno
49,wastesorting,01,human-proxy,0.0,0.0,0.8,random,50,knowno
50,wastesorting,01,human-proxy,0.0,0.0,0.8,random,50,knowno
51,wastesorting,01,human-proxy,0.0,0.0,0.8,random,50,knowno
52,wastesorting,01,human-proxy,0.0,0.0,0.8,random,50,knowno
53,wastesorting,01,human-proxy,0.0,0.0,0.8,random,50,knowno
54,wastesorting,01,human-proxy,0.0,0.0,0.8,random,50,knowno
55,wastesorting,01,human-proxy,0.0,0.0,0.8,random,50,knowno
56,wastesorting,01,human-proxy,0.0,0.0,0.8,random,50,knowno
57,wastesorting,01,human-proxy,0.0,0.0,0.8,random,50,knowno
58,wastesorting,01,human-proxy,0.0,0.0,0.8,random,50,knowno
59,wastesorting,01,human-proxy,0.0,0.0,0.8,random,50,knowno
60,wastesorting,01,human-proxy,0.0,0.0,0.8,random,50,knowno
61,wastesorting,01,human-proxy,0.0,0.0,0.8,random,50,knowno
62,wastesorting,01,human-proxy,0.0,0.0,0.8,random,50,knowno
63,wastesorting,01,human-proxy,0.0,0.0,0.8,random,50,knowno
64,wastesorting,01,human-proxy,0.0,0.0,0.8,random,50,knowno
65,wastesorting,01,human-proxy,0.0,0.0,0.8,random,50,knowno
66,wastesorting,01,human-proxy,0.0,0.0,0.8,random,50,knowno
67,wastesorting,01,human-proxy,0.0,0.0,0.8,random,50,knowno
68,wastesorting,01,human-proxy,0.0,0.0,0.8,random,50,knowno
69,wastesorting,01,human-proxy,0.0,0.0,0.8,random,50,knowno
70,wastesorting,01,human-proxy,0.0,0.0,0.8,random,50,knowno
71,wastesorting,01,human-proxy,0.0,0.0,0.8,random,50,knowno
72,wastesorting,01,human-proxy,0.0,0.0,0.8,random,50,knowno
73,wastesorting,01,human-proxy,0.0,0.0,0.8,random,50,knowno
74,wastesorting,01,human-proxy,0.0,0.0,0.8,random,50,knowno
75,wastesorting,01,human-proxy,0.0,0.0,0.8,random,50,knowno
76,wastesorting,01,human-proxy,0.0,0.0,0.8,random,50,knowno
77,wastesorting,01,human-proxy,0.0,0.0,0.8,random,50,knowno
78,wastesorting,01,human-proxy,0.0,0.0,0.8,random,50,knowno
79,wastesorting,01,human-proxy,0.0,0.0,0.8,random,50,knowno
80,wastesorting,01,human-proxy,0.0,0.0,0.8,random,50,knowno
81,wastesorting,02,oracle,0.0,0.0,0.8,random,50,knowno
82,wastesorting,02,oracle,0.0,0.0,0.8,random,50,knowno
83,wastesorting,02,oracle,0.0,0.0,0.8,random,50,knowno
84,wastesorting,02,oracle,0.0,0.0,0.8,random,50,knowno
85,wastesorting,02,oracle,0.0,0.0,0.8,random,50,knowno
86,wastesorting,02,oracle,0.0,0.0,0.8,random,50,knowno
87,wastesorting,02,oracle,0.0,0.0,0.8,random,50,knowno
88,wastesorting,02,oracle,0.0,0.0,0.8,random,50,knowno
89,wastesorting,02,oracle,0.0,0.0,0.8,random,50,knowno
90,wastesorting,02,oracle,0.0,0.0,0.8,random,50,knowno
91,wastesorting,02,oracle,0.0,0.0,0.8,random,50,knowno
92,wastesorting,02,oracle,0.0,0.0,0.8,random,50,knowno
93,wastesorting,02,oracle,0.0,0.0,0.8,random,50,knowno
94,wastesorting,02,oracle,0.0,0.0,0.8,random,50,knowno
95,wastesorting,02,oracle,0.0,0.0,0.8,random,50,knowno
96,wastesorting,02,oracle,0.0,0.0,0.8,random,50,knowno
97,wastesorting,02,oracle,0.0,0.0,0.8,random,50,knowno
98,wastesorting,02,oracle,0.0,0.0,0.8,random,50,knowno
99,wastesorting,02,oracle,0.0,0.0,0.8,random,50,knowno
100,wastesorting,02,oracle,0.0,0.0,0.8,random,50,knowno
101,wastesorting,02,oracle,0.0,0.0,0.8,random,50,knowno
102,wastesorting,02,oracle,0.0,0.0,0.8,random,50,knowno
103,wastesorting,02,oracle,0.0,0.0,0.8,random,50,knowno
104,wastesorting,02,oracle,0.0,0.0,0.8,random,50,knowno
105,wastesorting,02,oracle,0.0,0.0,0.8,random,50,knowno
106,wastesorting,02,oracle,0.0,0.0,0.8,random,50,knowno
107,wastesorting,02,oracle,0.0,0.0,0.8,random,50,knowno
108,wastesorting,02,oracle,0.0,0.0,0.8,random,50,knowno
109,wastesorting,02,oracle,0.0,0.0,0.8,random,50,knowno
110,wastesorting,02,oracle,0.0,0.0,0.8,random,50,knowno
111,wastesorting,02,oracle,0.0,0.0,0.8,random,50,knowno
112,wastesorting,02,oracle,0.0,0.0,0.8,random,50,knowno
113,wastesorting,02,oracle,0.0,0.0,0.8,random,50,knowno
114,wastesorting,02,oracle,0.0,0.0,0.8,random,50,knowno
115,wastesorting,02,oracle,0.0,0.0,0.8,random,50,knowno
116,wastesorting,02,oracle,0.0,0.0,0.8,random,50,knowno
117,wastesorting,02,oracle,0.0,0.0,0.8,random,50,knowno
118,wastesorting,02,oracle,0.0,0.0,0.8,random,50,knowno
119,wastesorting,02,oracle,0.0,0.0,0.8,random,50,knowno
120,wastesorting,02,oracle,0.0,0.0,0.8,random,50,knowno
121,wastesorting,02,human-proxy,0.0,0.0,0.8,random,50,knowno
122,wastesorting,02,human-proxy,0.0,0.0,0.8,random,50,knowno
123,wastesorting,02,human-proxy,0.0,0.0,0.8,random,50,knowno
124,wastesorting,02,human-proxy,0.0,0.0,0.8,random,50,knowno
125,wastesorting,02,human-proxy,0.0,0.0,0.8,random,50,knowno
126,wastesorting,02,human-proxy,0.0,0.0,0.8,random,50,knowno
127,wastesorting,02,human-proxy,0.0,0.0,0.8,random,50,knowno
128,wastesorting,02,human-proxy,0.0,0.0,0.8,random,50,knowno
129,wastesorting,02,human-proxy,0.0,0.0,0.8,random,50,knowno
130,wastesorting,02,human-proxy,0.0,0.0,0.8,random,50,knowno
131,wastesorting,02,human-proxy,0.0,0.0,0.8,random,50,knowno
132,wastesorting,02,human-proxy,0.0,0.0,0.8,random,50,knowno
133,wastesorting,02,human-proxy,0.0,0.0,0.8,random,50,knowno
134,wastesorting,02,human-proxy,0.0,0.0,0.8,random,50,knowno
135,wastesorting,02,human-proxy,0.0,0.0,0.8,random,50,knowno
136,wastesorting,02,human-proxy,0.0,0.0,0.8,random,50,knowno
137,wastesorting,02,human-proxy,0.0,0.0,0.8,random,50,knowno
138,wastesorting,02,human-proxy,0.0,0.0,0.8,random,50,knowno
139,wastesorting,02,human-proxy,0.0,0.0,0.8,random,50,knowno
140,wastesorting,02,human-proxy,0.0,0.0,0.8,random,50,knowno
141,wastesorting,02,human-proxy,0.0,0.0,0.8,random,50,knowno
142,wastesorting,02,human-proxy,0.0,0.0,0.8,random,50,knowno
143,wastesorting,02,human-proxy,0.0,0.0,0.8,random,50,knowno
144,wastesorting,02,human-proxy,0.0,0.0,0.8,random,50,knowno
145,wastesorting,02,human-proxy,0.0,0.0,0.8,random,50,knowno
146,wastesorting,02,human-proxy,0.0,0.0,0.8,random,50,knowno
147,wastesorting,02,human-proxy,0.0,0.0,0.8,random,50,knowno
148,wastesorting,02,human-proxy,0.0,0.0,0.8,random,50,knowno
149,wastesorting,02,human-proxy,0.0,0.0,0.8,random,50,knowno
150,wastesorting,02,human-proxy,0.0,0.0,0.8,random,50,knowno
151,wastesorting,02,human-proxy,0.0,0.0,0.8,random,50,knowno
152,wastesorting,02,human-proxy,0.0,0.0,0.8,random,50,knowno
153,wastesorting,02,human-proxy,0.0,0.0,0.8,random,50,knowno
154,wastesorting,02,human-proxy,0.0,0.0,0.8,random,50,knowno
155,wastesorting,02,human-proxy,0.0,0.0,0.8,random,50,knowno
156,wastesorting,02,human-proxy,0.0,0.0,0.8,random,50,knowno
157,wastesorting,02,human-proxy,0.0,0.0,0.8,random,50,knowno
158,wastesorting,02,human-proxy,0.0,0.0,0.8,random,50,knowno
159,wastesorting,02,human-proxy,0.0,0.0,0.8,random,50,knowno
160,wastesorting,02,human-proxy,0.0,0.0,0.8,random,50,knowno
161,wastesorting,03,oracle,0.0,0.0,0.8,random,50,knowno
162,wastesorting,03,oracle,0.0,0.0,0.8,random,50,knowno
163,wastesorting,03,oracle,0.0,0.0,0.8,random,50,knowno
164,wastesorting,03,oracle,0.0,0.0,0.8,random,50,knowno
165,wastesorting,03,oracle,0.0,0.0,0.8,random,50,knowno
166,wastesorting,03,oracle,0.0,0.0,0.8,random,50,knowno
167,wastesorting,03,oracle,0.0,0.0,0.8,random,50,knowno
168,wastesorting,03,oracle,0.0,0.0,0.8,random,50,knowno
169,wastesorting,03,oracle,0.0,0.0,0.8,random,50,knowno
170,wastesorting,03,oracle,0.0,0.0,0.8,random,50,knowno
171,wastesorting,03,oracle,0.0,0.0,0.8,random,50,knowno
172,wastesorting,03,oracle,0.0,0.0,0.8,random,50,knowno
173,wastesorting,03,oracle,0.0,0.0,0.8,random,50,knowno
174,wastesorting,03,oracle,0.0,0.0,0.8,random,50,knowno
175,wastesorting,03,oracle,0.0,0.0,0.8,random,50,knowno
176,wastesorting,03,oracle,0.0,0.0,0.8,random,50,knowno
177,wastesorting,03,oracle,0.0,0.0,0.8,random,50,knowno
178,wastesorting,03,oracle,0.0,0.0,0.8,random,50,knowno
179,wastesorting,03,oracle,0.0,0.0,0.8,random,50,knowno
180,wastesorting,03,oracle,0.0,0.0,0.8,random,50,knowno
181,wastesorting,03,oracle,0.0,0.0,0.8,random,50,knowno
182,wastesorting,03,oracle,0.0,0.0,0.8,random,50,knowno
183,wastesorting,03,oracle,0.0,0.0,0.8,random,50,knowno
184,wastesorting,03,oracle,0.0,0.0,0.8,random,50,knowno
185,wastesorting,03,oracle,0.0,0.0,0.8,random,50,knowno
186,wastesorting,03,oracle,0.0,0.0,0.8,random,50,knowno
187,wastesorting,03,oracle,0.0,0.0,0.8,random,50,knowno
188,wastesorting,03,oracle,0.0,0.0,0.8,random,50,knowno
189,wastesorting,03,oracle,0.0,0.0,0.8,random,50,knowno
190,wastesorting,03,oracle,0.0,0.0,0.8,random,50,knowno
191,wastesorting,03,oracle,0.0,0.0,0.8,random,50,knowno
192,wastesorting,03,oracle,0.0,0.0,0.8,random,50,knowno
193,wastesorting,03,oracle,0.0,0.0,0.8,random,50,knowno
194,wastesorting,03,oracle,0.0,0.0,0.8,random,50,knowno
195,wastesorting,03,oracle,0.0,0.0,0.8,random,50,knowno
196,wastesorting,03,oracle,0.0,0.0,0.8,random,50,knowno
197,wastesorting,03,oracle,0.0,0.0,0.8,random,50,knowno
198,wastesorting,03,oracle,0.0,0.0,0.8,random,50,knowno
199,wastesorting,03,oracle,0.0,0.0,0.8,random,50,knowno
200,wastesorting,03,oracle,0.0,0.0,0.8,random,50,knowno
201,wastesorting,03,human-proxy,0.0,0.0,0.8,random,50,knowno
202,wastesorting,03,human-proxy,0.0,0.0,0.8,random,50,knowno
203,wastesorting,03,human-proxy,0.0,0.0,0.8,random,50,knowno
204,wastesorting,03,human-proxy,0.0,0.0,0.8,random,50,knowno
205,wastesorting,03,human-proxy,0.0,0.0,0.8,random,50,knowno
206,wastesorting,03,human-proxy,0.0,0.0,0.8,random,50,knowno
207,wastesorting,03,human-proxy,0.0,0.0,0.8,random,50,knowno
208,wastesorting,03,human-proxy,0.0,0.0,0.8,random,50,knowno
209,wastesorting,03,human-proxy,0.0,0.0,0.8,random,50,knowno
210,wastesorting,03,human-proxy,0.0,0.0,0.8,random,50,knowno
211,wastesorting,03,human-proxy,0.0,0.0,0.8,random,50,knowno
212,wastesorting,03,human-proxy,0.0,0.0,0.8,random,50,knowno
213,wastesorting,03,human-proxy,0.0,0.0,0.8,random,50,knowno
214,wastesorting,03,human-proxy,0.0,0.0,0.8,random,50,knowno
215,wastesorting,03,human-proxy,0.0,0.0,0.8,random,50,knowno
216,wastesorting,03,human-proxy,0.0,0.0,0.8,random,50,knowno
217,wastesorting,03,human-proxy,0.0,0.0,0.8,random,50,knowno
218,wastesorting,03,human-proxy,0.0,0.0,0.8,random,50,knowno
219,wastesorting,03,human-proxy,0.0,0.0,0.8,random,50,knowno
220,wastesorting,03,human-proxy,0.0,0.0,0.8,random,50,knowno
221,wastesorting,03,human-proxy,0.0,0.0,0.8,random,50,knowno
222,wastesorting,03,human-proxy,0.0,0.0,0.8,random,50,knowno
223,wastesorting,03,human-proxy,0.0,0.0,0.8,random,50,knowno
224,wastesorting,03,human-proxy,0.0,0.0,0.8,random,50,knowno
225,wastesorting,03,human-proxy,0.0,0.0,0.8,random,50,knowno
226,wastesorting,03,human-proxy,0.0,0.0,0.8,random,50,knowno
227,wastesorting,03,human-proxy,0.0,0.0,0.8,random,50,knowno
228,wastesorting,03,human-proxy,0.0,0.0,0.8,random,50,knowno
229,wastesorting,03,human-proxy,0.0,0.0,0.8,random,50,knowno
230,wastesorting,03,human-proxy,0.0,0.0,0.8,random,50,knowno
231,wastesorting,03,human-proxy,0.0,0.0,0.8,random,50,knowno
232,wastesorting,03,human-proxy,0.0,0.0,0.8,random,50,knowno
233,wastesorting,03,human-proxy,0.0,0.0,0.8,random,50,knowno
234,wastesorting,03,human-proxy,0.0,0.0,0.8,random,50,knowno
235,wastesorting,03,human-proxy,0.0,0.0,0.8,random,50,knowno
236,wastesorting,03,human-proxy,0.0,0.0,0.8,random,50,knowno
237,wastesorting,03,human-proxy,0.0,0.0,0.8,random,50,knowno
238,wastesorting,03,human-proxy,0.0,0.0,0.8,random,50,knowno
239,wastesorting,03,human-proxy,0.0,0.0,0.8,random,50,knowno
240,wastesorting,03,human-proxy,0.0,0.0,0.8,random,50,knowno
241,wastesorting,04,oracle,0.0,0.0,0.8,random,50,knowno
242,wastesorting,04,oracle,0.0,0.0,0.8,random,50,knowno
243,wastesorting,04,oracle,0.0,0.0,0.8,random,50,knowno
244,wastesorting,04,oracle,0.0,0.0,0.8,random,50,knowno
245,wastesorting,04,oracle,0.0,0.0,0.8,random,50,knowno
246,wastesorting,04,oracle,0.0,0.0,0.8,random,50,knowno
247,wastesorting,04,oracle,0.0,0.0,0.8,random,50,knowno
248,wastesorting,04,oracle,0.0,0.0,0.8,random,50,knowno
249,wastesorting,04,oracle,0.0,0.0,0.8,random,50,knowno
250,wastesorting,04,oracle,0.0,0.0,0.8,random,50,knowno
251,wastesorting,04,oracle,0.0,0.0,0.8,random,50,knowno
252,wastesorting,04,oracle,0.0,0.0,0.8,random,50,knowno
253,wastesorting,04,oracle,0.0,0.0,0.8,random,50,knowno
254,wastesorting,04,oracle,0.0,0.0,0.8,random,50,knowno
255,wastesorting,04,oracle,0.0,0.0,0.8,random,50,knowno
256,wastesorting,04,oracle,0.0,0.0,0.8,random,50,knowno
257,wastesorting,04,oracle,0.0,0.0,0.8,random,50,knowno
258,wastesorting,04,oracle,0.0,0.0,0.8,random,50,knowno
259,wastesorting,04,oracle,0.0,0.0,0.8,random,50,knowno
260,wastesorting,04,oracle,0.0,0.0,0.8,random,50,knowno
261,wastesorting,04,oracle,0.0,0.0,0.8,random,50,knowno
262,wastesorting,04,oracle,0.0,0.0,0.8,random,50,knowno
263,wastesorting,04,oracle,0.0,0.0,0.8,random,50,knowno
264,wastesorting,04,oracle,0.0,0.0,0.8,random,50,knowno
265,wastesorting,04,oracle,0.0,0.0,0.8,random,50,knowno
266,wastesorting,04,oracle,0.0,0.0,0.8,random,50,knowno
267,wastesorting,04,oracle,0.0,0.0,0.8,random,50,knowno
268,wastesorting,04,oracle,0.0,0.0,0.8,random,50,knowno
269,wastesorting,04,oracle,0.0,0.0,0.8,random,50,knowno
270,wastesorting,04,oracle,0.0,0.0,0.8,random,50,knowno
271,wastesorting,04,oracle,0.0,0.0,0.8,random,50,knowno
272,wastesorting,04,oracle,0.0,0.0,0.8,random,50,knowno
273,wastesorting,04,oracle,0.0,0.0,0.8,random,50,knowno
274,wastesorting,04,oracle,0.0,0.0,0.8,random,50,knowno
275,wastesorting,04,oracle,0.0,0.0,0.8,random,50,knowno
276,wastesorting,04,oracle,0.0,0.0,0.8,random,50,knowno
277,wastesorting,04,oracle,0.0,0.0,0.8,random,50,knowno
278,wastesorting,04,oracle,0.0,0.0,0.8,random,50,knowno
279,wastesorting,04,oracle,0.0,0.0,0.8,random,50,knowno
280,wastesorting,04,oracle,0.0,0.0,0.8,random,50,knowno
281,wastesorting,04,human-proxy,0.0,0.0,0.8,random,50,knowno
282,wastesorting,04,human-proxy,0.0,0.0,0.8,random,50,knowno
283,wastesorting,04,human-proxy,0.0,0.0,0.8,random,50,knowno
284,wastesorting,04,human-proxy,0.0,0.0,0.8,random,50,knowno
285,wastesorting,04,human-proxy,0.0,0.0,0.8,random,50,knowno
286,wastesorting,04,human-proxy,0.0,0.0,0.8,random,50,knowno
287,wastesorting,04,human-proxy,0.0,0.0,0.8,random,50,knowno
288,wastesorting,04,human-proxy,0.0,0.0,0.8,random,50,knowno
289,wastesorting,04,human-proxy,0.0,0.0,0.8,random,50,knowno
290,wastesorting,04,human-proxy,0.0,0.0,0.8,random,50,knowno
291,wastesorting,04,human-proxy,0.0,0.0,0.8,random,50,knowno
292,wastesorting,04,human-proxy,0.0,0.0,0.8,random,50,knowno
293,wastesorting,04,human-proxy,0.0,0.0,0.8,random,50,knowno
294,wastesorting,04,human-proxy,0.0,0.0,0.8,random,50,knowno
295,wastesorting,04,human-proxy,0.0,0.0,0.8,random,50,knowno
296,wastesorting,04,human-proxy,0.0,0.0,0.8,random,50,knowno
297,wastesorting,04,human-proxy,0.0,0.0,0.8,random,50,knowno
298,wastesorting,04,human-proxy,0.0,0.0,0.8,random,50,knowno
299,wastesorting,04,human-proxy,0.0,0.0,0.8,random,50,knowno
300,wastesorting,04,human-proxy,0.0,0.0,0.8,random,50,knowno
301,wastesorting,04,human-proxy,0.0,0.0,0.8,random,50,knowno
302,wastesorting,04,human-proxy,0.0,0.0,0.8,random,50,knowno
303,wastesorting,04,human-proxy,0.0,0.0,0.8,random,50,knowno
304,wastesorting,04,human-proxy,0.0,0.0,0.8,random,50,knowno
305,wastesorting,04,human-proxy,0.0,0.0,0.8,random,50,knowno
306,wastesorting,04,human-proxy,0.0,0.0,0.8,random,50,knowno
307,wastesorting,04,human-proxy,0.0,0.0,0.8,random,50,knowno
308,wastesorting,04,human-proxy,0.0,0.0,0.8,random,50,knowno
309,wastesorting,04,human-proxy,0.0,0.0,0.8,random,50,knowno
310,wastesorting,04,human-proxy,0.0,0.0,0.8,random,50,knowno
311,wastesorting,04,human-proxy,0.0,0.0,0.8,random,50,knowno
312,wastesorting,04,human-proxy,0.0,0.0,0.8,random,50,knowno
313,wastesorting,04,human-proxy,0.0,0.0,0.8,random,50,knowno
314,wastesorting,04,human-proxy,0.0,0.0,0.8,random,50,knowno
315,wastesorting,04,human-proxy,0.0,0.0,0.8,random,50,knowno
316,wastesorting,04,human-proxy,0.0,0.0,0.8,random,50,knowno
317,wastesorting,04,human-proxy,0.0,0.0,0.8,random,50,knowno
318,wastesorting,04,human-proxy,0.0,0.0,0.8,random,50,knowno
319,wastesorting,04,human-proxy,0.0,0.0,0.8,random,50,knowno
320,wastesorting,04,human-proxy,0.0,0.0,0.8,random,50,knowno
321,wastesorting,05,oracle,0.0,0.0,0.8,random,50,knowno
322,wastesorting,05,oracle,0.0,0.0,0.8,random,50,knowno
323,wastesorting,05,oracle,0.0,0.0,0.8,random,50,knowno
324,wastesorting,05,oracle,0.0,0.0,0.8,random,50,knowno
325,wastesorting,05,oracle,0.0,0.0,0.8,random,50,knowno
326,wastesorting,05,oracle,0.0,0.0,0.8,random,50,knowno
327,wastesorting,05,oracle,0.0,0.0,0.8,random,50,knowno
328,wastesorting,05,oracle,0.0,0.0,0.8,random,50,knowno
329,wastesorting,05,oracle,0.0,0.0,0.8,random,50,knowno
330,wastesorting,05,oracle,0.0,0.0,0.8,random,50,knowno
331,wastesorting,05,oracle,0.0,0.0,0.8,random,50,knowno
332,wastesorting,05,oracle,0.0,0.0,0.8,random,50,knowno
333,wastesorting,05,oracle,0.0,0.0,0.8,random,50,knowno
334,wastesorting,05,oracle,0.0,0.0,0.8,random,50,knowno
335,wastesorting,05,oracle,0.0,0.0,0.8,random,50,knowno
336,wastesorting,05,oracle,0.0,0.0,0.8,random,50,knowno
337,wastesorting,05,oracle,0.0,0.0,0.8,random,50,knowno
338,wastesorting,05,oracle,0.0,0.0,0.8,random,50,knowno
339,wastesorting,05,oracle,0.0,0.0,0.8,random,50,knowno
340,wastesorting,05,oracle,0.0,0.0,0.8,random,50,knowno
341,wastesorting,05,oracle,0.0,0.0,0.8,random,50,knowno
342,wastesorting,05,oracle,0.0,0.0,0.8,random,50,knowno
343,wastesorting,05,oracle,0.0,0.0,0.8,random,50,knowno
344,wastesorting,05,oracle,0.0,0.0,0.8,random,50,knowno
345,wastesorting,05,oracle,0.0,0.0,0.8,random,50,knowno
346,wastesorting,05,oracle,0.0,0.0,0.8,random,50,knowno
347,wastesorting,05,oracle,0.0,0.0,0.8,random,50,knowno
348,wastesorting,05,oracle,0.0,0.0,0.8,random,50,knowno
349,wastesorting,05,oracle,0.0,0.0,0.8,random,50,knowno
350,wastesorting,05,oracle,0.0,0.0,0.8,random,50,knowno
351,wastesorting,05,oracle,0.0,0.0,0.8,random,50,knowno
352,wastesorting,05,oracle,0.0,0.0,0.8,random,50,knowno
353,wastesorting,05,oracle,0.0,0.0,0.8,random,50,knowno
354,wastesorting,05,oracle,0.0,0.0,0.8,random,50,knowno
355,wastesorting,05,oracle,0.0,0.0,0.8,random,50,knowno
356,wastesorting,05,oracle,0.0,0.0,0.8,random,50,knowno
357,wastesorting,05,oracle,0.0,0.0,0.8,random,50,knowno
358,wastesorting,05,oracle,0.0,0.0,0.8,random,50,knowno
359,wastesorting,05,oracle,0.0,0.0,0.8,random,50,knowno
360,wastesorting,05,oracle,0.0,0.0,0.8,random,50,knowno
361,wastesorting,05,human-proxy,0.0,0.0,0.8,random,50,knowno
362,wastesorting,05,human-proxy,0.0,0.0,0.8,random,50,knowno
363,wastesorting,05,human-proxy,0.0,0.0,0.8,random,50,knowno
364,wastesorting,05,human-proxy,0.0,0.0,0.8,random,50,knowno
365,wastesorting,05,human-proxy,0.0,0.0,0.8,random,50,knowno
366,wastesorting,05,human-proxy,0.0,0.0,0.8,random,50,knowno
367,wastesorting,05,human-proxy,0.0,0.0,0.8,random,50,knowno
368,wastesorting,05,human-proxy,0.0,0.0,0.8,random,50,knowno
369,wastesorting,05,human-proxy,0.0,0.0,0.8,random,50,knowno
370,wastesorting,05,human-proxy,0.0,0.0,0.8,random,50,knowno
371,wastesorting,05,human-proxy,0.0,0.0,0.8,random,50,knowno
372,wastesorting,05,human-proxy,0.0,0.0,0.8,random,50,knowno
373,wastesorting,05,human-proxy,0.0,0.0,0.8,random,50,knowno
374,wastesorting,05,human-proxy,0.0,0.0,0.8,random,50,knowno
375,wastesorting,05,human-proxy,0.0,0.0,0.8,random,50,knowno
376,wastesorting,05,human-proxy,0.0,0.0,0.8,random,50,knowno
377,wastesorting,05,human-proxy,0.0,0.0,0.8,random,50,knowno
378,wastesorting,05,human-proxy,0.0,0.0,0.8,random,50,knowno
379,wastesorting,05,human-proxy,0.0,0.0,0.8,random,50,knowno
380,wastesorting,05,human-proxy,0.0,0.0,0.8,random,50,knowno
381,wastesorting,05,human-proxy,0.0,0.0,0.8,random,50,knowno
382,wastesorting,05,human-proxy,0.0,0.0,0.8,random,50,knowno
383,wastesorting,05,human-proxy,0.0,0.0,0.8,random,50,knowno
384,wastesorting,05,human-proxy,0.0,0.0,0.8,random,50,knowno
385,wastesorting,05,human-proxy,0.0,0.0,0.8,random,50,knowno
386,wastesorting,05,human-proxy,0.0,0.0,0.8,random,50,knowno
387,wastesorting,05,human-proxy,0.0,0.0,0.8,random,50,knowno
388,wastesorting,05,human-proxy,0.0,0.0,0.8,random,50,knowno
389,wastesorting,05,human-proxy,0.0,0.0,0.8,random,50,knowno
390,wastesorting,05,human-proxy,0.0,0.0,0.8,random,50,knowno
391,wastesorting,05,human-proxy,0.0,0.0,0.8,random,50,knowno
392,wastesorting,05,human-proxy,0.0,0.0,0.8,random,50,knowno
393,wastesorting,05,human-proxy,0.0,0.0,0.8,random,50,knowno
394,wastesorting,05,human-proxy,0.0,0.0,0.8,random,50,knowno
395,wastesorting,05,human-proxy,0.0,0.0,0.8,random,50,knowno
396,wastesorting,05,human-proxy,0.0,0.0,0.8,random,50,knowno
397,wastesorting,05,human-proxy,0.0,0.0,0.8,random,50,knowno
398,wastesorting,05,human-proxy,0.0,0.0,0.8,random,50,knowno
399,wastesorting,05,human-proxy,0.0,0.0,0.8,random,50,knowno
400,wastesorting,05,human-proxy,0.0,0.0,0.8,random,50,knowno
401,tomato,01,oracle,0.0,0.0,0.8,random,50,knowno
402,tomato,01,oracle,0.0,0.0,0.8,random,50,knowno
403,tomato,01,oracle,0.0,0.0,0.8,random,50,knowno
404,tomato,01,oracle,0.0,0.0,0.8,random,50,knowno
405,tomato,01,oracle,0.0,0.0,0.8,random,50,knowno
406,tomato,01,oracle,0.0,0.0,0.8,random,50,knowno
407,tomato,01,oracle,0.0,0.0,0.8,random,50,knowno
408,tomato,01,oracle,0.0,0.0,0.8,random,50,knowno
409,tomato,01,oracle,0.0,0.0,0.8,random,50,knowno
410,tomato,01,oracle,0.0,0.0,0.8,random,50,knowno
411,tomato,01,oracle,0.0,0.0,0.8,random,50,knowno
412,tomato,01,oracle,0.0,0.0,0.8,random,50,knowno
413,tomato,01,oracle,0.0,0.0,0.8,random,50,knowno
414,tomato,01,oracle,0.0,0.0,0.8,random,50,knowno
415,tomato,01,oracle,0.0,0.0,0.8,random,50,knowno
416,tomato,01,oracle,0.0,0.0,0.8,random,50,knowno
417,tomato,01,oracle,0.0,0.0,0.8,random,50,knowno
418,tomato,01,oracle,0.0,0.0,0.8,random,50,knowno
419,tomato,01,oracle,0.0,0.0,0.8,random,50,knowno
420,tomato,01,oracle,0.0,0.0,0.8,random,50,knowno
421,tomato,01,oracle,0.0,0.0,0.8,random,50,knowno
422,tomato,01,oracle,0.0,0.0,0.8,random,50,knowno
423,tomato,01,oracle,0.0,0.0,0.8,random,50,knowno
424,tomato,01,oracle,0.0,0.0,0.8,random,50,knowno
425,tomato,01,oracle,0.0,0.0,0.8,random,50,knowno
426,tomato,01,oracle,0.0,0.0,0.8,random,50,knowno
427,tomato,01,oracle,0.0,0.0,0.8,random,50,knowno
428,tomato,01,oracle,0.0,0.0,0.8,random,50,knowno
429,tomato,01,oracle,0.0,0.0,0.8,random,50,knowno
430,tomato,01,oracle,0.0,0.0,0.8,random,50,knowno
431,tomato,01,oracle,0.0,0.0,0.8,random,50,knowno
432,tomato,01,oracle,0.0,0.0,0.8,random,50,knowno
433,tomato,01,oracle,0.0,0.0,0.8,random,50,knowno
434,tomato,01,oracle,0.0,0.0,0.8,random,50,knowno
435,tomato,01,oracle,0.0,0.0,0.8,random,50,knowno
436,tomato,01,oracle,0.0,0.0,0.8,random,50,knowno
437,tomato,01,oracle,0.0,0.0,0.8,random,50,knowno
438,tomato,01,oracle,0.0,0.0,0.8,random,50,knowno
439,tomato,01,oracle,0.0,0.0,0.8,random,50,knowno
440,tomato,01,oracle,0.0,0.0,0.8,random,50,knowno
441,tomato,01,human-proxy,0.0,0.0,0.8,random,50,knowno
442,tomato,01,human-proxy,0.0,0.0,0.8,random,50,knowno
443,tomato,01,human-proxy,0.0,0.0,0.8,random,50,knowno
444,tomato,01,human-proxy,0.0,0.0,0.8,random,50,knowno
445,tomato,01,human-proxy,0.0,0.0,0.8,random,50,knowno
446,tomato,01,human-proxy,0.0,0.0,0.8,random,50,knowno
447,tomato,01,human-proxy,0.0,0.0,0.8,random,50,knowno
448,tomato,01,human-proxy,0.0,0.0,0.8,random,50,knowno
449,tomato,01,human-proxy,0.0,0.0,0.8,random,50,knowno
450,tomato,01,human-proxy,0.0,0.0,0.8,random,50,knowno
451,tomato,01,human-proxy,0.0,0.0,0.8,random,50,knowno
452,tomato,01,human-proxy,0.0,0.0,0.8,random,50,knowno
453,tomato,01,human-proxy,0.0,0.0,0.8,random,50,knowno
454,tomato,01,human-proxy,0.0,0.0,0.8,random,50,knowno
455,tomato,01,human-proxy,0.0,0.0,0.8,random,50,knowno
456,tomato,01,human-proxy,0.0,0.0,0.8,random,50,knowno
457,tomato,01,human-proxy,0.0,0.0,0.8,random,50,knowno
458,tomato,01,human-proxy,0.0,0.0,0.8,random,50,knowno
459,tomato,01,human-proxy,0.0,0.0,0.8,random,50,knowno
460,tomato,01,human-proxy,0.0,0.0,0.8,random,50,knowno
461,tomato,01,human-proxy,0.0,0.0,0.8,random,50,knowno
462,tomato,01,human-proxy,0.0,0.0,0.8,random,50,knowno
463,tomato,01,human-proxy,0.0,0.0,0.8,random,50,knowno
464,tomato,01,human-proxy,0.0,0.0,0.8,random,50,knowno
465,tomato,01,human-proxy,0.0,0.0,0.8,random,50,knowno
466,tomato,01,human-proxy,0.0,0.0,0.8,random,50,knowno
467,tomato,01,human-proxy,0.0,0.0,0.8,random,50,knowno
468,tomato,01,human-proxy,0.0,0.0,0.8,random,50,knowno
469,tomato,01,human-proxy,0.0,0.0,0.8,random,50,knowno
470,tomato,01,human-proxy,0.0,0.0,0.8,random,50,knowno
471,tomato,01,human-proxy,0.0,0.0,0.8,random,50,knowno
472,tomato,01,human-proxy,0.0,0.0,0.8,random,50,knowno
473,tomato,01,human-proxy,0.0,0.0,0.8,random,50,knowno
474,tomato,01,human-proxy,0.0,0.0,0.8,random,50,knowno
475,tomato,01,human-proxy,0.0,0.0,0.8,random,50,knowno
476,tomato,01,human-proxy,0.0,0.0,0.8,random,50,knowno
477,tomato,01,human-proxy,0.0,0.0,0.8,random,50,knowno
478,tomato,01,human-proxy,0.0,0.0,0.8,random,50,knowno
479,tomato,01,human-proxy,0.0,0.0,0.8,random,50,knowno
480,tomato,01,human-proxy,0.0,0.0,0.8,random,50,knowno
481,tomato,02,oracle,0.0,0.0,0.8,random,50,knowno
482,tomato,02,oracle,0.0,0.0,0.8,random,50,knowno
483,tomato,02,oracle,0.0,0.0,0.8,random,50,knowno
484,tomato,02,oracle,0.0,0.0,0.8,random,50,knowno
485,tomato,02,oracle,0.0,0.0,0.8,random,50,knowno
486,tomato,02,oracle,0.0,0.0,0.8,random,50,knowno
487,tomato,02,oracle,0.0,0.0,0.8,random,50,knowno
488,tomato,02,oracle,0.0,0.0,0.8,random,50,knowno
489,tomato,02,oracle,0.0,0.0,0.8,random,50,knowno
490,tomato,02,oracle,0.0,0.0,0.8,random,50,knowno
491,tomato,02,oracle,0.0,0.0,0.8,random,50,knowno
492,tomato,02,oracle,0.0,0.0,0.8,random,50,knowno
493,tomato,02,oracle,0.0,0.0,0.8,random,50,knowno
494,tomato,02,oracle,0.0,0.0,0.8,random,50,knowno
495,tomato,02,oracle,0.0,0.0,0.8,random,50,knowno
496,tomato,02,oracle,0.0,0.0,0.8,random,50,knowno
497,tomato,02,oracle,0.0,0.0,0.8,random,50,knowno
498,tomato,02,oracle,0.0,0.0,0.8,random,50,knowno
499,tomato,02,oracle,0.0,0.0,0.8,random,50,knowno
500,tomato,02,oracle,0.0,0.0,0.8,random,50,knowno
501,tomato,02,oracle,0.0,0.0,0.8,random,50,knowno
502,tomato,02,oracle,0.0,0.0,0.8,random,50,knowno
503,tomato,02,oracle,0.0,0.0,0.8,random,50,knowno
504,tomato,02,oracle,0.0,0.0,0.8,random,50,knowno
505,tomato,02,oracle,0.0,0.0,0.8,random,50,knowno
506,tomato,02,oracle,0.0,0.0,0.8,random,50,knowno
507,tomato,02,oracle,0.0,0.0,0.8,random,50,knowno
508,tomato,02,oracle,0.0,0.0,0.8,random,50,knowno
509,tomato,02,oracle,0.0,0.0,0.8,random,50,knowno
510,tomato,02,oracle,0.0,0.0,0.8,random,50,knowno
511,tomato,02,oracle,0.0,0.0,0.8,random,50,knowno
512,tomato,02,oracle,0.0,0.0,0.8,random,50,knowno
513,tomato,02,oracle,0.0,0.0,0.8,random,50,knowno
514,tomato,02,oracle,0.0,0.0,0.8,random,50,knowno
515,tomato,02,oracle,0.0,0.0,0.8,random,50,knowno
516,tomato,02,oracle,0.0,0.0,0.8,random,50,knowno
517,tomato,02,oracle,0.0,0.0,0.8,random,50,knowno
518,tomato,02,oracle,0.0,0.0,0.8,random,50,knowno
519,tomato,02,oracle,0.0,0.0,0.8,random,50,knowno
520,tomato,02,oracle,0.0,0.0,0.8,random,50,knowno
521,tomato,02,human-proxy,0.0,0.0,0.8,random,50,knowno
522,tomato,02,human-proxy,0.0,0.0,0.8,random,50,knowno
523,tomato,02,human-proxy,0.0,0.0,0.8,random,50,knowno
524,tomato,02,human-proxy,0.0,0.0,0.8,random,50,knowno
525,tomato,02,human-proxy,0.0,0.0,0.8,random,50,knowno
526,tomato,02,human-proxy,0.0,0.0,0.8,random,50,knowno
527,tomato,02,human-proxy,0.0,0.0,0.8,random,50,knowno
528,tomato,02,human-proxy,0.0,0.0,0.8,random,50,knowno
529,tomato,02,human-proxy,0.0,0.0,0.8,random,50,knowno
530,tomato,02,human-proxy,0.0,0.0,0.8,random,50,knowno
531,tomato,02,human-proxy,0.0,0.0,0.8,random,50,knowno
532,tomato,02,human-proxy,0.0,0.0,0.8,random,50,knowno
533,tomato,02,human-proxy,0.0,0.0,0.8,random,50,knowno
534,tomato,02,human-proxy,0.0,0.0,0.8,random,50,knowno
535,tomato,02,human-proxy,0.0,0.0,0.8,random,50,knowno
536,tomato,02,human-proxy,0.0,0.0,0.8,random,50,knowno
537,tomato,02,human-proxy,0.0,0.0,0.8,random,50,knowno
538,tomato,02,human-proxy,0.0,0.0,0.8,random,50,knowno
539,tomato,02,human-proxy,0.0,0.0,0.8,random,50,knowno
540,tomato,02,human-proxy,0.0,0.0,0.8,random,50,knowno
541,tomato,02,human-proxy,0.0,0.0,0.8,random,50,knowno
542,tomato,02,human-proxy,0.0,0.0,0.8,random,50,knowno
543,tomato,02,human-proxy,0.0,0.0,0.8,random,50,knowno
544,tomato,02,human-proxy,0.0,0.0,0.8,random,50,knowno
545,tomato,02,human-proxy,0.0,0.0,0.8,random,50,knowno
546,tomato,02,human-proxy,0.0,0.0,0.8,random,50,knowno
547,tomato,02,human-proxy,0.0,0.0,0.8,random,50,knowno
548,tomato,02,human-proxy,0.0,0.0,0.8,random,50,knowno
549,tomato,02,human-proxy,0.0,0.0,0.8,random,50,knowno
550,tomato,02,human-proxy,0.0,0.0,0.8,random,50,knowno
551,tomato,02,human-proxy,0.0,0.0,0.8,random,50,knowno
552,tomato,02,human-proxy,0.0,0.0,0.8,random,50,knowno
553,tomato,02,human-proxy,0.0,0.0,0.8,random,50,knowno
554,tomato,02,human-proxy,0.0,0.0,0.8,random,50,knowno
555,tomato,02,human-proxy,0.0,0.0,0.8,random,50,knowno
556,tomato,02,human-proxy,0.0,0.0,0.8,random,50,knowno
557,tomato,02,human-proxy,0.0,0.0,0.8,random,50,knowno
558,tomato,02,human-proxy,0.0,0.0,0.8,random,50,knowno
559,tomato,02,human-proxy,0.0,0.0,0.8,random,50,knowno
560,tomato,02,human-proxy,0.0,0.0,0.8,random,50,knowno
561,tomato,03,oracle,0.0,0.0,0.8,random,50,knowno
562,tomato,03,oracle,0.0,0.0,0.8,random,50,knowno
563,tomato,03,oracle,0.0,0.0,0.8,random,50,knowno
564,tomato,03,oracle,0.0,0.0,0.8,random,50,knowno
565,tomato,03,oracle,0.0,0.0,0.8,random,50,knowno
566,tomato,03,oracle,0.0,0.0,0.8,random,50,knowno
567,tomato,03,oracle,0.0,0.0,0.8,random,50,knowno
568,tomato,03,oracle,0.0,0.0,0.8,random,50,knowno
569,tomato,03,oracle,0.0,0.0,0.8,random,50,knowno
570,tomato,03,oracle,0.0,0.0,0.8,random,50,knowno
571,tomato,03,oracle,0.0,0.0,0.8,random,50,knowno
572,tomato,03,oracle,0.0,0.0,0.8,random,50,knowno
573,tomato,03,oracle,0.0,0.0,0.8,random,50,knowno
574,tomato,03,oracle,0.0,0.0,0.8,random,50,knowno
575,tomato,03,oracle,0.0,0.0,0.8,random,50,knowno
576,tomato,03,oracle,0.0,0.0,0.8,random,50,knowno
577,tomato,03,oracle,0.0,0.0,0.8,random,50,knowno
578,tomato,03,oracle,0.0,0.0,0.8,random,50,knowno
579,tomato,03,oracle,0.0,0.0,0.8,random,50,knowno
580,tomato,03,oracle,0.0,0.0,0.8,random,50,knowno
581,tomato,03,oracle,0.0,0.0,0.8,random,50,knowno
582,tomato,03,oracle,0.0,0.0,0.8,random,50,knowno
583,tomato,03,oracle,0.0,0.0,0.8,random,50,knowno
584,tomato,03,oracle,0.0,0.0,0.8,random,50,knowno
585,tomato,03,oracle,0.0,0.0,0.8,random,50,knowno
586,tomato,03,oracle,0.0,0.0,0.8,random,50,knowno
587,tomato,03,oracle,0.0,0.0,0.8,random,50,knowno
588,tomato,03,oracle,0.0,0.0,0.8,random,50,knowno
589,tomato,03,oracle,0.0,0.0,0.8,random,50,knowno
590,tomato,03,oracle,0.0,0.0,0.8,random,50,knowno
591,tomato,03,oracle,0.0,0.0,0.8,random,50,knowno
592,tomato,03,oracle,0.0,0.0,0.8,random,50,knowno
593,tomato,03,oracle,0.0,0.0,0.8,random,50,knowno
594,tomato,03,oracle,0.0,0.0,0.8,random,50,knowno
595,tomato,03,oracle,0.0,0.0,0.8,random,50,knowno
596,tomato,03,oracle,0.0,0.0,0.8,random,50,knowno
597,tomato,03,oracle,0.0,0.0,0.8,random,50,knowno
598,tomato,03,oracle,0.0,0.0,0.8,random,50,knowno
599,tomato,03,oracle,0.0,0.0,0.8,random,50,knowno
600,tomato,03,oracle,0.0,0.0,0.8,random,50,knowno
601,tomato,03,human-proxy,0.0,0.0,0.8,random,50,knowno
602,tomato,03,human-proxy,0.0,0.0,0.8,random,50,knowno
603,tomato,03,human-proxy,0.0,0.0,0.8,random,50,knowno
604,tomato,03,human-proxy,0.0,0.0,0.8,random,50,knowno
605,tomato,03,human-proxy,0.0,0.0,0.8,random,50,knowno
606,tomato,03,human-proxy,0.0,0.0,0.8,random,50,knowno
607,tomato,03,human-proxy,0.0,0.0,0.8,random,50,knowno
608,tomato,03,human-proxy,0.0,0.0,0.8,random,50,knowno
609,tomato,03,human-proxy,0.0,0.0,0.8,random,50,knowno
610,tomato,03,human-proxy,0.0,0.0,0.8,random,50,knowno
611,tomato,03,human-proxy,0.0,0.0,0.8,random,50,knowno
612,tomato,03,human-proxy,0.0,0.0,0.8,random,50,knowno
613,tomato,03,human-proxy,0.0,0.0,0.8,random,50,knowno
614,tomato,03,human-proxy,0.0,0.0,0.8,random,50,knowno
615,tomato,03,human-proxy,0.0,0.0,0.8,random,50,knowno
616,tomato,03,human-proxy,0.0,0.0,0.8,random,50,knowno
617,tomato,03,human-proxy,0.0,0.0,0.8,random,50,knowno
618,tomato,03,human-proxy,0.0,0.0,0.8,random,50,knowno
619,tomato,03,human-proxy,0.0,0.0,0.8,random,50,knowno
620,tomato,03,human-proxy,0.0,0.0,0.8,random,50,knowno
621,tomato,03,human-proxy,0.0,0.0,0.8,random,50,knowno
622,tomato,03,human-proxy,0.0,0.0,0.8,random,50,knowno
623,tomato,03,human-proxy,0.0,0.0,0.8,random,50,knowno
624,tomato,03,human-proxy,0.0,0.0,0.8,random,50,knowno
625,tomato,03,human-proxy,0.0,0.0,0.8,random,50,knowno
626,tomato,03,human-proxy,0.0,0.0,0.8,random,50,knowno
627,tomato,03,human-proxy,0.0,0.0,0.8,random,50,knowno
628,tomato,03,human-proxy,0.0,0.0,0.8,random,50,knowno
629,tomato,03,human-proxy,0.0,0.0,0.8,random,50,knowno
630,tomato,03,human-proxy,0.0,0.0,0.8,random,50,knowno
631,tomato,03,human-proxy,0.0,0.0,0.8,random,50,knowno
632,tomato,03,human-proxy,0.0,0.0,0.8,random,50,knowno
633,tomato,03,human-proxy,0.0,0.0,0.8,random,50,knowno
634,tomato,03,human-proxy,0.0,0.0,0.8,random,50,knowno
635,tomato,03,human-proxy,0.0,0.0,0.8,random,50,knowno
636,tomato,03,human-proxy,0.0,0.0,0.8,random,50,knowno
637,tomato,03,human-proxy,0.0,0.0,0.8,random,50,knowno
638,tomato,03,human-proxy,0.0,0.0,0.8,random,50,knowno
639,tomato,03,human-proxy,0.0,0.0,0.8,random,50,knowno
640,tomato,03,human-proxy,0.0,0.0,0.8,random,50,knowno
641,tomato,04,oracle,0.0,0.0,0.8,random,50,knowno
642,tomato,04,oracle,0.0,0.0,0.8,random,50,knowno
643,tomato,04,oracle,0.0,0.0,0.8,random,50,knowno
644,tomato,04,oracle,0.0,0.0,0.8,random,50,knowno
645,tomato,04,oracle,0.0,0.0,0.8,random,50,knowno
646,tomato,04,oracle,0.0,0.0,0.8,random,50,knowno
647,tomato,04,oracle,0.0,0.0,0.8,random,50,knowno
648,tomato,04,oracle,0.0,0.0,0.8,random,50,knowno
649,tomato,04,oracle,0.0,0.0,0.8,random,50,knowno
650,tomato,04,oracle,0.0,0.0,0.8,random,50,knowno
651,tomato,04,oracle,0.0,0.0,0.8,random,50,knowno
652,tomato,04,oracle,0.0,0.0,0.8,random,50,knowno
653,tomato,04,oracle,0.0,0.0,0.8,random,50,knowno
654,tomato,04,oracle,0.0,0.0,0.8,random,50,knowno
655,tomato,04,oracle,0.0,0.0,0.8,random,50,knowno
656,tomato,04,oracle,0.0,0.0,0.8,random,50,knowno
657,tomato,04,oracle,0.0,0.0,0.8,random,50,knowno
658,tomato,04,oracle,0.0,0.0,0.8,random,50,knowno
659,tomato,04,oracle,0.0,0.0,0.8,random,50,knowno
660,tomato,04,oracle,0.0,0.0,0.8,random,50,knowno
661,tomato,04,oracle,0.0,0.0,0.8,random,50,knowno
662,tomato,04,oracle,0.0,0.0,0.8,random,50,knowno
663,tomato,04,oracle,0.0,0.0,0.8,random,50,knowno
664,tomato,04,oracle,0.0,0.0,0.8,random,50,knowno
665,tomato,04,oracle,0.0,0.0,0.8,random,50,knowno
666,tomato,04,oracle,0.0,0.0,0.8,random,50,knowno
667,tomato,04,oracle,0.0,0.0,0.8,random,50,knowno
668,tomato,04,oracle,0.0,0.0,0.8,random,50,knowno
669,tomato,04,oracle,0.0,0.0,0.8,random,50,knowno
670,tomato,04,oracle,0.0,0.0,0.8,random,50,knowno
671,tomato,04,oracle,0.0,0.0,0.8,random,50,knowno
672,tomato,04,oracle,0.0,0.0,0.8,random,50,knowno
673,tomato,04,oracle,0.0,0.0,0.8,random,50,knowno
674,tomato,04,oracle,0.0,0.0,0.8,random,50,knowno
675,tomato,04,oracle,0.0,0.0,0.8,random,50,knowno
676,tomato,04,oracle,0.0,0.0,0.8,random,50,knowno
677,tomato,04,oracle,0.0,0.0,0.8,random,50,knowno
678,tomato,04,oracle,0.0,0.0,0.8,random,50,knowno
679,tomato,04,oracle,0.0,0.0,0.8,random,50,knowno
680,tomato,04,oracle,0.0,0.0,0.8,random,50,knowno
681,tomato,04,human-proxy,0.0,0.0,0.8,random,50,knowno
682,tomato,04,human-proxy,0.0,0.0,0.8,random,50,knowno
683,tomato,04,human-proxy,0.0,0.0,0.8,random,50,knowno
684,tomato,04,human-proxy,0.0,0.0,0.8,random,50,knowno
685,tomato,04,human-proxy,0.0,0.0,0.8,random,50,knowno
686,tomato,04,human-proxy,0.0,0.0,0.8,random,50,knowno
687,tomato,04,human-proxy,0.0,0.0,0.8,random,50,knowno
688,tomato,04,human-proxy,0.0,0.0,0.8,random,50,knowno
689,tomato,04,human-proxy,0.0,0.0,0.8,random,50,knowno
690,tomato,04,human-proxy,0.0,0.0,0.8,random,50,knowno
691,tomato,04,human-proxy,0.0,0.0,0.8,random,50,knowno
692,tomato,04,human-proxy,0.0,0.0,0.8,random,50,knowno
693,tomato,04,human-proxy,0.0,0.0,0.8,random,50,knowno
694,tomato,04,human-proxy,0.0,0.0,0.8,random,50,knowno
695,tomato,04,human-proxy,0.0,0.0,0.8,random,50,knowno
696,tomato,04,human-proxy,0.0,0.0,0.8,random,50,knowno
697,tomato,04,human-proxy,0.0,0.0,0.8,random,50,knowno
698,tomato,04,human-proxy,0.0,0.0,0.8,random,50,knowno
699,tomato,04,human-proxy,0.0,0.0,0.8,random,50,knowno
700,tomato,04,human-proxy,0.0,0.0,0.8,random,50,knowno
701,tomato,04,human-proxy,0.0,0.0,0.8,random,50,knowno
702,tomato,04,human-proxy,0.0,0.0,0.8,random,50,knowno
703,tomato,04,human-proxy,0.0,0.0,0.8,random,50,knowno
704,tomato,04,human-proxy,0.0,0.0,0.8,random,50,knowno
705,tomato,04,human-proxy,0.0,0.0,0.8,random,50,knowno
706,tomato,04,human-proxy,0.0,0.0,0.8,random,50,knowno
707,tomato,04,human-proxy,0.0,0.0,0.8,random,50,knowno
708,tomato,04,human-proxy,0.0,0.0,0.8,random,50,knowno
709,tomato,04,human-proxy,0.0,0.0,0.8,random,50,knowno
710,tomato,04,human-proxy,0.0,0.0,0.8,random,50,knowno
711,tomato,04,human-proxy,0.0,0.0,0.8,random,50,knowno
712,tomato,04,human-proxy,0.0,0.0,0.8,random,50,knowno
713,tomato,04,human-proxy,0.0,0.0,0.8,random,50,knowno
714,tomato,04,human-proxy,0.0,0.0,0.8,random,50,knowno
715,tomato,04,human-proxy,0.0,0.0,0.8,random,50,knowno
716,tomato,04,human-proxy,0.0,0.0,0.8,random,50,knowno
717,tomato,04,human-proxy,0.0,0.0,0.8,random,50,knowno
718,tomato,04,human-proxy,0.0,0.0,0.8,random,50,knowno
719,tomato,04,human-proxy,0.0,0.0,0.8,random,50,knowno
720,tomato,04,human-proxy,0.0,0.0,0.8,random,50,knowno
721,tomato,05,oracle,0.0,0.0,0.8,random,50,knowno
722,tomato,05,oracle,0.0,0.0,0.8,random,50,knowno
723,tomato,05,oracle,0.0,0.0,0.8,random,50,knowno
724,tomato,05,oracle,0.0,0.0,0.8,random,50,knowno
725,tomato,05,oracle,0.0,0.0,0.8,random,50,knowno
726,tomato,05,oracle,0.0,0.0,0.8,random,50,knowno
727,tomato,05,oracle,0.0,0.0,0.8,random,50,knowno
728,tomato,05,oracle,0.0,0.0,0.8,random,50,knowno
729,tomato,05,oracle,0.0,0.0,0.8,random,50,knowno
730,tomato,05,oracle,0.0,0.0,0.8,random,50,knowno
731,tomato,05,oracle,0.0,0.0,0.8,random,50,knowno
732,tomato,05,oracle,0.0,0.0,0.8,random,50,knowno
733,tomato,05,oracle,0.0,0.0,0.8,random,50,knowno
734,tomato,05,oracle,0.0,0.0,0.8,random,50,knowno
735,tomato,05,oracle,0.0,0.0,0.8,random,50,knowno
736,tomato,05,oracle,0.0,0.0,0.8,random,50,knowno
737,tomato,05,oracle,0.0,0.0,0.8,random,50,knowno
738,tomato,05,oracle,0.0,0.0,0.8,random,50,knowno
739,tomato,05,oracle,0.0,0.0,0.8,random,50,knowno
740,tomato,05,oracle,0.0,0.0,0.8,random,50,knowno
741,tomato,05,oracle,0.0,0.0,0.8,random,50,knowno
742,tomato,05,oracle,0.0,0.0,0.8,random,50,knowno
743,tomato,05,oracle,0.0,0.0,0.8,random,50,knowno
744,tomato,05,oracle,0.0,0.0,0.8,random,50,knowno
745,tomato,05,oracle,0.0,0.0,0.8,random,50,knowno
746,tomato,05,oracle,0.0,0.0,0.8,random,50,knowno
747,tomato,05,oracle,0.0,0.0,0.8,random,50,knowno
748,tomato,05,oracle,0.0,0.0,0.8,random,50,knowno
749,tomato,05,oracle,0.0,0.0,0.8,random,50,knowno
750,tomato,05,oracle,0.0,0.0,0.8,random,50,knowno
751,tomato,05,oracle,0.0,0.0,0.8,random,50,knowno
752,tomato,05,oracle,0.0,0.0,0.8,random,50,knowno
753,tomato,05,oracle,0.0,0.0,0.8,random,50,knowno
754,tomato,05,oracle,0.0,0.0,0.8,random,50,knowno
755,tomato,05,oracle,0.0,0.0,0.8,random,50,knowno
756,tomato,05,oracle,0.0,0.0,0.8,random,50,knowno
757,tomato,05,oracle,0.0,0.0,0.8,random,50,knowno
758,tomato,05,oracle,0.0,0.0,0.8,random,50,knowno
759,tomato,05,oracle,0.0,0.0,0.8,random,50,knowno
760,tomato,05,oracle,0.0,0.0,0.8,random,50,knowno
761,tomato,05,human-proxy,0.0,0.0,0.8,random,50,knowno
762,tomato,05,human-proxy,0.0,0.0,0.8,random,50,knowno
763,tomato,05,human-proxy,0.0,0.0,0.8,random,50,knowno
764,tomato,05,human-proxy,0.0,0.0,0.8,random,50,knowno
765,tomato,05,human-proxy,0.0,0.0,0.8,random,50,knowno
766,tomato,05,human-proxy,0.0,0.0,0.8,random,50,knowno
767,tomato,05,human-proxy,0.0,0.0,0.8,random,50,knowno
768,tomato,05,human-proxy,0.0,0.0,0.8,random,50,knowno
769,tomato,05,human-proxy,0.0,0.0,0.8,random,50,knowno
770,tomato,05,human-proxy,0.0,0.0,0.8,random,50,knowno
771,tomato,05,human-proxy,0.0,0.0,0.8,random,50,knowno
772,tomato,05,human-proxy,0.0,0.0,0.8,random,50,knowno
773,tomato,05,human-proxy,0.0,0.0,0.8,random,50,knowno
774,tomato,05,human-proxy,0.0,0.0,0.8,random,50,knowno
775,tomato,05,human-proxy,0.0,0.0,0.8,random,50,knowno
776,tomato,05,human-proxy,0.0,0.0,0.8,random,50,knowno
777,tomato,05,human-proxy,0.0,0.0,0.8,random,50,knowno
778,tomato,05,human-proxy,0.0,0.0,0.8,random,50,knowno
779,tomato,05,human-proxy,0.0,0.0,0.8,random,50,knowno
780,tomato,05,human-proxy,0.0,0.0,0.8,random,50,knowno
781,tomato,05,human-proxy,0.0,0.0,0.8,random,50,knowno
782,tomato,05,human-proxy,0.0,0.0,0.8,random,50,knowno
783,tomato,05,human-proxy,0.0,0.0,0.8,random,50,knowno
784,tomato,05,human-proxy,0.0,0.0,0.8,random,50,knowno
785,tomato,05,human-proxy,0.0,0.0,0.8,random,50,knowno
786,tomato,05,human-proxy,0.0,0.0,0.8,random,50,knowno
787,tomato,05,human-proxy,0.0,0.0,0.8,random,50,knowno
788,tomato,05,human-proxy,0.0,0.0,0.8,random,50,knowno
789,tomato,05,human-proxy,0.0,0.0,0.8,random,50,knowno
790,tomato,05,human-proxy,0.0,0.0,0.8,random,50,knowno
791,tomato,05,human-proxy,0.0,0.0,0.8,random,50,knowno
792,tomato,05,human-proxy,0.0,0.0,0.8,random,50,knowno
793,tomato,05,human-proxy,0.0,0.0,0.8,random,50,knowno
794,tomato,05,human-proxy,0.0,0.0,0.8,random,50,knowno
795,tomato,05,human-proxy,0.0,0.0,0.8,random,50,knowno
796,tomato,05,human-proxy,0.0,0.0,0.8,random,50,knowno
797,tomato,05,human-proxy,0.0,0.0,0.8,random,50,knowno
798,tomato,05,human-proxy,0.0,0.0,0.8,random,50,knowno
799,tomato,05,human-proxy,0.0,0.0,0.8,random,50,knowno
800,tomato,05,human-proxy,0.0,0.0,0.8,random,50,knowno
