global_index,baseline,domain,scene,iteration,seed,max_steps,n_simulations,max_depth,query_cost,answer_accuracy,prompt_version,qhat,temperature,expert,status,log_path
1,query_action_pomcp,tomato,01,1,2030859206,50,100,20,1.0,1.0,v2,0.8404,5.0,exact_oracle,complete,experiments_logs/system_log/tomato/scene_01_step50/query_as_action
2,query_action_pomcp,tomato,01,2,2222960263,50,100,20,1.0,1.0,v2,0.8404,5.0,exact_oracle,complete,experiments_logs/system_log/tomato/scene_01_step50/query_as_action
3,query_action_pomcp,tomato,01,3,1273020582,50,100,20,1.0,1.0,v2,0.8404,5.0,exact_oracle,complete,experiments_logs/system_log/tomato/scene_01_step50/query_as_action
4,query_action_pomcp,tomato,01,4,866496583,50,100,20,1.0,1.0,v2,0.8404,5.0,exact_oracle,complete,experiments_logs/system_log/tomato/scene_01_step50/query_as_action
5,query_action_pomcp,tomato,01,5,2698243041,50,100,20,1.0,1.0,v2,0.8404,5.0,exact_oracle,complete,experiments_logs/system_log/tomato/scene_01_step50/query_as_action
6,query_action_pomcp,tomato,01,6,1911303750,50,100,20,1.0,1.0,v2,0.8404,5.0,exact_oracle,complete,experiments_logs/system_log/tomato/scene_01_step50/query_as_action
7,query_action_pomcp,tomato,01,7,796400590,50,100,20,1.0,1.0,v2,0.8404,5.0,exact_oracle,complete,experiments_logs/system_log/tomato/scene_01_step50/query_as_action
8,query_action_pomcp,tomato,01,8,1201029111,50,100,20,1.0,1.0,v2,0.8404,5.0,exact_oracle,complete,experiments_logs/system_log/tomato/scene_01_step50/query_as_action
9,query_action_pomcp,tomato,01,9,3389846695,50,100,20,1.0,1.0,v2,0.8404,5.0,exact_oracle,complete,experiments_logs/system_log/tomato/scene_01_step50/query_as_action
10,query_action_pomcp,tomato,01,10,2508123787,50,100,20,1.0,1.0,v2,0.8404,5.0,exact_oracle,complete,experiments_logs/system_log/tomato/scene_01_step50/query_as_action
11,query_action_pomcp,tomato,01,11,2741500852,50,100,20,1.0,1.0,v2,0.8404,5.0,exact_oracle,complete,experiments_logs/system_log/tomato/scene_01_step50/query_as_action
12,query_action_pomcp,tomato,01,12,4065849833,50,100,20,1.0,1.0,v2,0.8404,5.0,exact_oracle,complete,experiments_logs/system_log/tomato/scene_01_step50/query_as_action
13,query_action_pomcp,tomato,01,13,821007751,50,100,20,1.0,1.0,v2,0.8404,5.0,exact_oracle,complete,experiments_logs/system_log/tomato/scene_01_step50/query_as_action
14,query_action_pomcp,tomato,01,14,965164034,50,100,20,1.0,1.0,v2,0.8404,5.0,exact_oracle,complete,experiments_logs/system_log/tomato/scene_01_step50/query_as_action
15,query_action_pomcp,tomato,01,15,3049697230,50,100,20,1.0,1.0,v2,0.8404,5.0,exact_oracle,complete,experiments_logs/system_log/tomato/scene_01_step50/query_as_action
16,query_action_pomcp,tomato,01,16,597016452,50,100,20,1.0,1.0,v2,0.8404,5.0,exact_oracle,complete,experiments_logs/system_log/tomato/scene_01_step50/query_as_action
17,query_action_pomcp,tomato,01,17,2027029533,50,100,20,1.0,1.0,v2,0.8404,5.0,exact_oracle,complete,experiments_logs/system_log/tomato/scene_01_step50/query_as_action
18,query_action_pomcp,tomato,01,18,3736902642,50,100,20,1.0,1.0,v2,0.8404,5.0,exact_oracle,complete,experiments_logs/system_log/tomato/scene_01_step50/query_as_action
19,query_action_pomcp,tomato,01,19,323427982,50,100,20,1.0,1.0,v2,0.8404,5.0,exact_oracle,complete,experiments_logs/system_log/tomato/scene_01_step50/query_as_action
20,query_action_pomcp,tomato,01,20,311025495,50,100,20,1.0,1.0,v2,0.8404,5.0,exact_oracle,complete,experiments_logs/system_log/tomato/scene_01_step50/query_as_action
21,query_action_pomcp,tomato,01,21,871806833,50,100,20,1.0,1.0,v2,0.8404,5.0,exact_oracle,complete,experiments_logs/system_log/tomato/scene_01_step50/query_as_action
22,query_action_pomcp,tomato,01,22,217537032,50,100,20,1.0,1.0,v2,0.8404,5.0,exact_oracle,complete,experiments_logs/system_log/tomato/scene_01_step50/query_as_action
23,query_action_pomcp,tomato,01,23,532817344,50,100,20,1.0,1.0,v2,0.8404,5.0,exact_oracle,complete,experiments_logs/system_log/tomato/scene_01_step50/query_as_action
24,query_action_pomcp,tomato,01,24,3466707993,50,100,20,1.0,1.0,v2,0.8404,5.0,exact_oracle,complete,experiments_logs/system_log/tomato/scene_01_step50/query_as_action
25,query_action_pomcp,tomato,01,25,1649478604,50,100,20,1.0,1.0,v2,0.8404,5.0,exact_oracle,complete,experiments_logs/system_log/tomato/scene_01_step50/query_as_action
26,query_action_pomcp,tomato,01,26,2204152357,50,100,20,1.0,1.0,v2,0.8404,5.0,exact_oracle,complete,experiments_logs/system_log/tomato/scene_01_step50/query_as_action
27,query_action_pomcp,tomato,01,27,1233339309,50,100,20,1.0,1.0,v2,0.8404,5.0,exact_oracle,complete,experiments_logs/system_log/tomato/scene_01_step50/query_as_action
28,query_action_pomcp,tomato,01,28,3357973338,50,100,20,1.0,1.0,v2,0.8404,5.0,exact_oracle,complete,experiments_logs/system_log/tomato/scene_01_step50/query_as_action
29,query_action_pomcp,tomato,01,29,3649707942,50,100,20,1.0,1.0,v2,0.8404,5.0,exact_oracle,complete,experiments_logs/system_log/tomato/scene_01_step50/query_as_action
30,query_action_pomcp,tomato,01,30,3325784884,50,100,20,1.0,1.0,v2,0.8404,5.0,exact_oracle,complete,experiments_logs/system_log/tomato/scene_01_step50/query_as_action
31,query_action_pomcp,tomato,01,31,3877458541,50,100,20,1.0,1.0,v2,0.8404,5.0,exact_oracle,complete,experiments_logs/system_log/tomato/scene_01_step50/query_as_action
32,query_action_pomcp,tomato,01,32,3638621671,50,100,20,1.0,1.0,v2,0.8404,5.0,exact_oracle,complete,experiments_logs/system_log/tomato/scene_01_step50/query_as_action
33,query_action_pomcp,tomato,01,33,1084618528,50,100,20,1.0,1.0,v2,0.8404,5.0,exact_oracle,complete,experiments_logs/system_log/tomato/scene_01_step50/query_as_action
34,query_action_pomcp,tomato,01,34,405999239,50,100,20,1.0,1.0,v2,0.8404,5.0,exact_oracle,complete,experiments_logs/system_log/tomato/scene_01_step50/query_as_action
35,query_action_pomcp,tomato,01,35,4028845444,50,100,20,1.0,1.0,v2,0.8404,5.0,exact_oracle,complete,experiments_logs/system_log/tomato/scene_01_step50/query_as_action
36,query_action_pomcp,tomato,01,36,2607182153,50,100,20,1.0,1.0,v2,0.8404,5.0,exact_oracle,complete,experiments_logs/system_log/tomato/scene_01_step50/query_as_action
37,query_action_pomcp,tomato,01,37,338448945,50,100,20,1.0,1.0,v2,0.8404,5.0,exact_oracle,complete,experiments_logs/system_log/tomato/scene_01_step50/query_as_action
38,query_action_pomcp,tomato,01,38,3008854274,50,100,20,1.0,1.0,v2,0.8404,5.0,exact_oracle,complete,experiments_logs/system_log/tomato/scene_01_step50/query_as_action
39,query_action_pomcp,tomato,01,39,3373062200,50,100,20,1.0,1.0,v2,0.8404,5.0,exact_oracle,complete,experiments_logs/system_log/tomato/scene_01_step50/query_as_action
40,query_action_pomcp,tomato,01,40,1025671343,50,100,20,1.0,1.0,v2,0.8404,5.0,exact_oracle,complete,experiments_logs/system_log/tomato/scene_01_step50/query_as_action
41,query_action_pomcp,tomato,02,1,233361013,50,100,20,1.0,1.0,v2,0.8404,5.0,exact_oracle,complete,experiments_logs/system_log/tomato/scene_02_step50/query_as_action
42,query_action_pomcp,tomato,02,2,3206958523,50,100,20,1.0,1.0,v2,0.8404,5.0,exact_oracle,complete,experiments_logs/system_log/tomato/scene_02_step50/query_as_action
43,query_action_pomcp,tomato,02,3,2306136433,50,100,20,1.0,1.0,v2,0.8404,5.0,exact_oracle,complete,experiments_logs/system_log/tomato/scene_02_step50/query_as_action
44,query_action_pomcp,tomato,02,4,1150817657,50,100,20,1.0,1.0,v2,0.8404,5.0,exact_oracle,complete,experiments_logs/system_log/tomato/scene_02_step50/query_as_action
45,query_action_pomcp,tomato,02,5,418694264,50,100,20,1.0,1.0,v2,0.8404,5.0,exact_oracle,complete,experiments_logs/system_log/tomato/scene_02_step50/query_as_action
46,query_action_pomcp,tomato,02,6,2833878170,50,100,20,1.0,1.0,v2,0.8404,5.0,exact_oracle,complete,experiments_logs/system_log/tomato/scene_02_step50/query_as_action
47,query_action_pomcp,tomato,02,7,2876796507,50,100,20,1.0,1.0,v2,0.8404,5.0,exact_oracle,complete,experiments_logs/system_log/tomato/scene_02_step50/query_as_action
48,query_action_pomcp,tomato,02,8,2661673954,50,100,20,1.0,1.0,v2,0.8404,5.0,exact_oracle,complete,experiments_logs/system_log/tomato/scene_02_step50/query_as_action
49,query_action_pomcp,tomato,02,9,3533124505,50,100,20,1.0,1.0,v2,0.8404,5.0,exact_oracle,complete,experiments_logs/system_log/tomato/scene_02_step50/query_as_action
50,query_action_pomcp,tomato,02,10,3751400244,50,100,20,1.0,1.0,v2,0.8404,5.0,exact_oracle,complete,experiments_logs/system_log/tomato/scene_02_step50/query_as_action
51,query_action_pomcp,tomato,02,11,4031054018,50,100,20,1.0,1.0,v2,0.8404,5.0,exact_oracle,complete,experiments_logs/system_log/tomato/scene_02_step50/query_as_action
52,query_action_pomcp,tomato,02,12,1337352578,50,100,20,1.0,1.0,v2,0.8404,5.0,exact_oracle,complete,experiments_logs/system_log/tomato/scene_02_step50/query_as_action
53,query_action_pomcp,tomato,02,13,2571575672,50,100,20,1.0,1.0,v2,0.8404,5.0,exact_oracle,complete,experiments_logs/system_log/tomato/scene_02_step50/query_as_action
54,query_action_pomcp,tomato,02,14,1903174235,50,100,20,1.0,1.0,v2,0.8404,5.0,exact_oracle,complete,experiments_logs/system_log/tomato/scene_02_step50/query_as_action
55,query_action_pomcp,tomato,02,15,1422635806,50,100,20,1.0,1.0,v2,0.8404,5.0,exact_oracle,complete,experiments_logs/system_log/tomato/scene_02_step50/query_as_action
56,query_action_pomcp,tomato,02,16,559761095,50,100,20,1.0,1.0,v2,0.8404,5.0,exact_oracle,complete,experiments_logs/system_log/tomato/scene_02_step50/query_as_action
57,query_action_pomcp,tomato,02,17,2324409209,50,100,20,1.0,1.0,v2,0.8404,5.0,exact_oracle,complete,experiments_logs/system_log/tomato/scene_02_step50/query_as_action
58,query_action_pomcp,tomato,02,18,474952343,50,100,20,1.0,1.0,v2,0.8404,5.0,exact_oracle,complete,experiments_logs/system_log/tomato/scene_02_step50/query_as_action
59,query_action_pomcp,tomato,02,19,1408900490,50,100,20,1.0,1.0,v2,0.8404,5.0,exact_oracle,complete,experiments_logs/system_log/tomato/scene_02_step50/query_as_action
60,query_action_pomcp,tomato,02,20,1969507524,50,100,20,1.0,1.0,v2,0.8404,5.0,exact_oracle,complete,experiments_logs/system_log/tomato/scene_02_step50/query_as_action
61,query_action_pomcp,tomato,02,21,850676597,50,100,20,1.0,1.0,v2,0.8404,5.0,exact_oracle,complete,experiments_logs/system_log/tomato/scene_02_step50/query_as_action
62,query_action_pomcp,tomato,02,22,464102713,50,100,20,1.0,1.0,v2,0.8404,5.0,exact_oracle,complete,experiments_logs/system_log/tomato/scene_02_step50/query_as_action
63,query_action_pomcp,tomato,02,23,2639844527,50,100,20,1.0,1.0,v2,0.8404,5.0,exact_oracle,complete,experiments_logs/system_log/tomato/scene_02_step50/query_as_action
64,query_action_pomcp,tomato,02,24,2567273034,50,100,20,1.0,1.0,v2,0.8404,5.0,exact_oracle,complete,experiments_logs/system_log/tomato/scene_02_step50/query_as_action
65,query_action_pomcp,tomato,02,25,3815863427,50,100,20,1.0,1.0,v2,0.8404,5.0,exact_oracle,complete,experiments_logs/system_log/tomato/scene_02_step50/query_as_action
66,query_action_pomcp,tomato,02,26,2421989875,50,100,20,1.0,1.0,v2,0.8404,5.0,exact_oracle,complete,experiments_logs/system_log/tomato/scene_02_step50/query_as_action
67,query_action_pomcp,tomato,02,27,790979284,50,100,20,1.0,1.0,v2,0.8404,5.0,exact_oracle,complete,experiments_logs/system_log/tomato/scene_02_step50/query_as_action
68,query_action_pomcp,tomato,02,28,484948157,50,100,20,1.0,1.0,v2,0.8404,5.0,exact_oracle,complete,experiments_logs/system_log/tomato/scene_02_step50/query_as_action
69,query_action_pomcp,tomato,02,29,2138595888,50,100,20,1.0,1.0,v2,0.8404,5.0,exact_oracle,complete,experiments_logs/system_log/tomato/scene_02_step50/query_as_action
70,query_action_pomcp,tomato,02,30,63773712,50,100,20,1.0,1.0,v2,0.8404,5.0,exact_oracle,complete,experiments_logs/system_log/tomato/scene_02_step50/query_as_action
71,query_action_pomcp,tomato,02,31,3662297998,50,100,20,1.0,1.0,v2,0.8404,5.0,exact_oracle,complete,experiments_logs/system_log/tomato/scene_02_step50/query_as_action
72,query_action_pomcp,tomato,02,32,3249674493,50,100,20,1.0,1.0,v2,0.8404,5.0,exact_oracle,complete,experiments_logs/system_log/tomato/scene_02_step50/query_as_action
73,query_action_pomcp,tomato,02,33,4007070013,50,100,20,1.0,1.0,v2,0.8404,5.0,exact_oracle,complete,experiments_logs/system_log/tomato/scene_02_step50/query_as_action
74,query_action_pomcp,tomato,02,34,2886041855,50,100,20,1.0,1.0,v2,0.8404,5.0,exact_oracle,complete,experiments_logs/system_log/tomato/scene_02_step50/query_as_action
75,query_action_pomcp,tomato,02,35,2293168667,50,100,20,1.0,1.0,v2,0.8404,5.0,exact_oracle,complete,experiments_logs/system_log/tomato/scene_02_step50/query_as_action
76,query_action_pomcp,tomato,02,36,3887351210,50,100,20,1.0,1.0,v2,0.8404,5.0,exact_oracle,complete,experiments_logs/system_log/tomato/scene_02_step50/query_as_action
77,query_action_pomcp,tomato,02,37,2318091321,50,100,20,1.0,1.0,v2,0.8404,5.0,exact_oracle,complete,experiments_logs/system_log/tomato/scene_02_step50/query_as_action
78,query_action_pomcp,tomato,02,38,1919828458,50,100,20,1.0,1.0,v2,0.8404,5.0,exact_oracle,complete,experiments_logs/system_log/tomato/scene_02_step50/query_as_action
79,query_action_pomcp,tomato,02,39,1477592928,50,100,20,1.0,1.0,v2,0.8404,5.0,exact_oracle,complete,experiments_logs/system_log/tomato/scene_02_step50/query_as_action
80,query_action_pomcp,tomato,02,40,742004455,50,100,20,1.0,1.0,v2,0.8404,5.0,exact_oracle,complete,experiments_logs/system_log/tomato/scene_02_step50/query_as_action
81,query_action_pomcp,tomato,03,1,2973460405,50,100,20,1.0,1.0,v2,0.8404,5.0,exact_oracle,complete,experiments_logs/system_log/tomato/scene_03_step50/query_as_action
82,query_action_pomcp,tomato,03,2,2984508209,50,100,20,1.0,1.0,v2,0.8404,5.0,exact_oracle,complete,experiments_logs/system_log/tomato/scene_03_step50/query_as_action
83,query_action_pomcp,tomato,03,3,3328359470,50,100,20,1.0,1.0,v2,0.8404,5.0,exact_oracle,complete,experiments_logs/system_log/tomato/scene_03_step50/query_as_action
84,query_action_pomcp,tomato,03,4,2542173252,50,100,20,1.0,1.0,v2,0.8404,5.0,exact_oracle,complete,experiments_logs/system_log/tomato/scene_03_step50/query_as_action
85,query_action_pomcp,tomato,03,5,1895575310,50,100,20,1.0,1.0,v2,0.8404,5.0,exact_oracle,complete,experiments_logs/system_log/tomato/scene_03_step50/query_as_action
86,query_action_pomcp,tomato,03,6,3142806667,50,100,20,1.0,1.0,v2,0.8404,5.0,exact_oracle,complete,experiments_logs/system_log/tomato/scene_03_step50/query_as_action
87,query_action_pomcp,tomato,03,7,1700967682,50,100,20,1.0,1.0,v2,0.8404,5.0,exact_oracle,complete,experiments_logs/system_log/tomato/scene_03_step50/query_as_action
88,query_action_pomcp,tomato,03,8,3374813224,50,100,20,1.0,1.0,v2,0.8404,5.0,exact_oracle,complete,experiments_logs/system_log/tomato/scene_03_step50/query_as_action
89,query_action_pomcp,tomato,03,9,2230064310,50,100,20,1.0,1.0,v2,0.8404,5.0,exact_oracle,complete,experiments_logs/system_log/tomato/scene_03_step50/query_as_action
90,query_action_pomcp,tomato,03,10,2370079434,50,100,20,1.0,1.0,v2,0.8404,5.0,exact_oracle,complete,experiments_logs/system_log/tomato/scene_03_step50/query_as_action
91,query_action_pomcp,tomato,03,11,3620707437,50,100,20,1.0,1.0,v2,0.8404,5.0,exact_oracle,complete,experiments_logs/system_log/tomato/scene_03_step50/query_as_action
92,query_action_pomcp,tomato,03,12,1447435166,50,100,20,1.0,1.0,v2,0.8404,5.0,exact_oracle,complete,experiments_logs/system_log/tomato/scene_03_step50/query_as_action
93,query_action_pomcp,tomato,03,13,975151081,50,100,20,1.0,1.0,v2,0.8404,5.0,exact_oracle,complete,experiments_logs/system_log/tomato/scene_03_step50/query_as_action
94,query_action_pomcp,tomato,03,14,3909183007,50,100,20,1.0,1.0,v2,0.8404,5.0,exact_oracle,complete,experiments_logs/system_log/tomato/scene_03_step50/query_as_action
95,query_action_pomcp,tomato,03,15,3611211411,50,100,20,1.0,1.0,v2,0.8404,5.0,exact_oracle,complete,experiments_logs/system_log/tomato/scene_03_step50/query_as_action
96,query_action_pomcp,tomato,03,16,1454289978,50,100,20,1.0,1.0,v2,0.8404,5.0,exact_oracle,complete,experiments_logs/system_log/tomato/scene_03_step50/query_as_action
97,query_action_pomcp,tomato,03,17,3631765459,50,100,20,1.0,1.0,v2,0.8404,5.0,exact_oracle,complete,experiments_logs/system_log/tomato/scene_03_step50/query_as_action
98,query_action_pomcp,tomato,03,18,1005437090,50,100,20,1.0,1.0,v2,0.8404,5.0,exact_oracle,complete,experiments_logs/system_log/tomato/scene_03_step50/query_as_action
99,query_action_pomcp,tomato,03,19,2107246049,50,100,20,1.0,1.0,v2,0.8404,5.0,exact_oracle,complete,experiments_logs/system_log/tomato/scene_03_step50/query_as_action
100,query_action_pomcp,tomato,03,20,2559286479,50,100,20,1.0,1.0,v2,0.8404,5.0,exact_oracle,complete,experiments_logs/system_log/tomato/scene_03_step50/query_as_action
101,query_action_pomcp,tomato,03,21,3814785464,50,100,20,1.0,1.0,v2,0.8404,5.0,exact_oracle,complete,experiments_logs/system_log/tomato/scene_03_step50/query_as_action
102,query_action_pomcp,tomato,03,22,1252332960,50,100,20,1.0,1.0,v2,0.8404,5.0,exact_oracle,complete,experiments_logs/system_log/tomato/scene_03_step50/query_as_action
103,query_action_pomcp,tomato,03,23,4008873019,50,100,20,1.0,1.0,v2,0.8404,5.0,exact_oracle,complete,experiments_logs/system_log/tomato/scene_03_step50/query_as_action
104,query_action_pomcp,tomato,03,24,1627605610,50,100,20,1.0,1.0,v2,0.8404,5.0,exact_oracle,complete,experiments_logs/system_log/tomato/scene_03_step50/query_as_action
105,query_action_pomcp,tomato,03,25,2197107180,50,100,20,1.0,1.0,v2,0.8404,5.0,exact_oracle,complete,experiments_logs/system_log/tomato/scene_03_step50/query_as_action
106,query_action_pomcp,tomato,03,26,70087057,50,100,20,1.0,1.0,v2,0.8404,5.0,exact_oracle,complete,experiments_logs/system_log/tomato/scene_03_step50/query_as_action
107,query_action_pomcp,tomato,03,27,8630651,50,100,20,1.0,1.0,v2,0.8404,5.0,exact_oracle,complete,experiments_logs/system_log/tomato/scene_03_step50/query_as_action
108,query_action_pomcp,tomato,03,28,657498695,50,100,20,1.0,1.0,v2,0.8404,5.0,exact_oracle,complete,experiments_logs/system_log/tomato/scene_03_step50/query_as_action
109,query_action_pomcp,tomato,03,29,1193704404,50,100,20,1.0,1.0,v2,0.8404,5.0,exact_oracle,complete,experiments_logs/system_log/tomato/scene_03_step50/query_as_action
110,query_action_pomcp,tomato,03,30,1712963344,50,100,20,1.0,1.0,v2,0.8404,5.0,exact_oracle,complete,experiments_logs/system_log/tomato/scene_03_step50/query_as_action
111,query_action_pomcp,tomato,03,31,1016817503,50,100,20,1.0,1.0,v2,0.8404,5.0,exact_oracle,complete,experiments_logs/system_log/tomato/scene_03_step50/query_as_action
112,query_action_pomcp,tomato,03,32,4252591664,50,100,20,1.0,1.0,v2,0.8404,5.0,exact_oracle,complete,experiments_logs/system_log/tomato/scene_03_step50/query_as_action
113,query_action_pomcp,tomato,03,33,2630779126,50,100,20,1.0,1.0,v2,0.8404,5.0,exact_oracle,complete,experiments_logs/system_log/tomato/scene_03_step50/query_as_action
114,query_action_pomcp,tomato,03,34,822900858,50,100,20,1.0,1.0,v2,0.8404,5.0,exact_oracle,complete,experiments_logs/system_log/tomato/scene_03_step50/query_as_action
115,query_action_pomcp,tomato,03,35,604486275,50,100,20,1.0,1.0,v2,0.8404,5.0,exact_oracle,complete,experiments_logs/system_log/tomato/scene_03_step50/query_as_action
116,query_action_pomcp,tomato,03,36,522031486,50,100,20,1.0,1.0,v2,0.8404,5.0,exact_oracle,complete,experiments_logs/system_log/tomato/scene_03_step50/query_as_action
117,query_action_pomcp,tomato,03,37,2184183196,50,100,20,1.0,1.0,v2,0.8404,5.0,exact_oracle,complete,experiments_logs/system_log/tomato/scene_03_step50/query_as_action
118,query_action_pomcp,tomato,03,38,2418572032,50,100,20,1.0,1.0,v2,0.8404,5.0,exact_oracle,complete,experiments_logs/system_log/tomato/scene_03_step50/query_as_action
119,query_action_pomcp,tomato,03,39,2436888965,50,100,20,1.0,1.0,v2,0.8404,5.0,exact_oracle,complete,experiments_logs/system_log/tomato/scene_03_step50/query_as_action
120,query_action_pomcp,tomato,03,40,598183825,50,100,20,1.0,1.0,v2,0.8404,5.0,exact_oracle,complete,experiments_logs/system_log/tomato/scene_03_step50/query_as_action
121,query_action_pomcp,tomato,04,1,1589093347,50,100,20,1.0,1.0,v2,0.8404,5.0,exact_oracle,complete,experiments_logs/system_log/tomato/scene_04_step50/query_as_action
122,query_action_pomcp,tomato,04,2,712937450,50,100,20,1.0,1.0,v2,0.8404,5.0,exact_oracle,complete,experiments_logs/system_log/tomato/scene_04_step50/query_as_action
123,query_action_pomcp,tomato,04,3,3614412854,50,100,20,1.0,1.0,v2,0.8404,5.0,exact_oracle,complete,experiments_logs/system_log/tomato/scene_04_step50/query_as_action
124,query_action_pomcp,tomato,04,4,2390740933,50,100,20,1.0,1.0,v2,0.8404,5.0,exact_oracle,complete,experiments_logs/system_log/tomato/scene_04_step50/query_as_action
125,query_action_pomcp,tomato,04,5,2642505031,50,100,20,1.0,1.0,v2,0.8404,5.0,exact_oracle,complete,experiments_logs/system_log/tomato/scene_04_step50/query_as_action
126,query_action_pomcp,tomato,04,6,442300768,50,100,20,1.0,1.0,v2,0.8404,5.0,exact_oracle,complete,experiments_logs/system_log/tomato/scene_04_step50/query_as_action
127,query_action_pomcp,tomato,04,7,3661502133,50,100,20,1.0,1.0,v2,0.8404,5.0,exact_oracle,complete,experiments_logs/system_log/tomato/scene_04_step50/query_as_action
128,query_action_pomcp,tomato,04,8,236854069,50,100,20,1.0,1.0,v2,0.8404,5.0,exact_oracle,complete,experiments_logs/system_log/tomato/scene_04_step50/query_as_action
129,query_action_pomcp,tomato,04,9,2387734993,50,100,20,1.0,1.0,v2,0.8404,5.0,exact_oracle,complete,experiments_logs/system_log/tomato/scene_04_step50/query_as_action
130,query_action_pomcp,tomato,04,10,321661848,50,100,20,1.0,1.0,v2,0.8404,5.0,exact_oracle,complete,experiments_logs/system_log/tomato/scene_04_step50/query_as_action
131,query_action_pomcp,tomato,04,11,2993320002,50,100,20,1.0,1.0,v2,0.8404,5.0,exact_oracle,complete,experiments_logs/system_log/tomato/scene_04_step50/query_as_action
132,query_action_pomcp,tomato,04,12,1109362184,50,100,20,1.0,1.0,v2,0.8404,5.0,exact_oracle,complete,experiments_logs/system_log/tomato/scene_04_step50/query_as_action
133,query_action_pomcp,tomato,04,13,3815955531,50,100,20,1.0,1.0,v2,0.8404,5.0,exact_oracle,complete,experiments_logs/system_log/tomato/scene_04_step50/query_as_action
134,query_action_pomcp,tomato,04,14,2941533860,50,100,20,1.0,1.0,v2,0.8404,5.0,exact_oracle,complete,experiments_logs/system_log/tomato/scene_04_step50/query_as_action
135,query_action_pomcp,tomato,04,15,2020323328,50,100,20,1.0,1.0,v2,0.8404,5.0,exact_oracle,complete,experiments_logs/system_log/tomato/scene_04_step50/query_as_action
136,query_action_pomcp,tomato,04,16,3712541616,50,100,20,1.0,1.0,v2,0.8404,5.0,exact_oracle,complete,experiments_logs/system_log/tomato/scene_04_step50/query_as_action
137,query_action_pomcp,tomato,04,17,3169457126,50,100,20,1.0,1.0,v2,0.8404,5.0,exact_oracle,complete,experiments_logs/system_log/tomato/scene_04_step50/query_as_action
138,query_action_pomcp,tomato,04,18,3948166740,50,100,20,1.0,1.0,v2,0.8404,5.0,exact_oracle,complete,experiments_logs/system_log/tomato/scene_04_step50/query_as_action
139,query_action_pomcp,tomato,04,19,1552731229,50,100,20,1.0,1.0,v2,0.8404,5.0,exact_oracle,complete,experiments_logs/system_log/tomato/scene_04_step50/query_as_action
140,query_action_pomcp,tomato,04,20,1337586660,50,100,20,1.0,1.0,v2,0.8404,5.0,exact_oracle,complete,experiments_logs/system_log/tomato/scene_04_step50/query_as_action
141,query_action_pomcp,tomato,04,21,56491935,50,100,20,1.0,1.0,v2,0.8404,5.0,exact_oracle,complete,experiments_logs/system_log/tomato/scene_04_step50/query_as_action
142,query_action_pomcp,tomato,04,22,2771536334,50,100,20,1.0,1.0,v2,0.8404,5.0,exact_oracle,complete,experiments_logs/system_log/tomato/scene_04_step50/query_as_action
143,query_action_pomcp,tomato,04,23,3227930555,50,100,20,1.0,1.0,v2,0.8404,5.0,exact_oracle,complete,experiments_logs/system_log/tomato/scene_04_step50/query_as_action
144,query_action_pomcp,tomato,04,24,740609622,50,100,20,1.0,1.0,v2,0.8404,5.0,exact_oracle,complete,experiments_logs/system_log/tomato/scene_04_step50/query_as_action
145,query_action_pomcp,tomato,04,25,218967378,50,100,20,1.0,1.0,v2,0.8404,5.0,exact_oracle,complete,experiments_logs/system_log/tomato/scene_04_step50/query_as_action
146,query_action_pomcp,tomato,04,26,1040908402,50,100,20,1.0,1.0,v2,0.8404,5.0,exact_oracle,complete,experiments_logs/system_log/tomato/scene_04_step50/query_as_action
147,query_action_pomcp,tomato,04,27,2220313702,50,100,20,1.0,1.0,v2,0.8404,5.0,exact_oracle,complete,experiments_logs/system_log/tomato/scene_04_step50/query_as_action
148,query_action_pomcp,tomato,04,28,168160880,50,100,20,1.0,1.0,v2,0.8404,5.0,exact_oracle,complete,experiments_logs/system_log/tomato/scene_04_step50/query_as_action
149,query_action_pomcp,tomato,04,29,3141647287,50,100,20,1.0,1.0,v2,0.8404,5.0,exact_oracle,complete,experiments_logs/system_log/tomato/scene_04_step50/query_as_action
150,query_action_pomcp,tomato,04,30,2135663053,50,100,20,1.0,1.0,v2,0.8404,5.0,exact_oracle,complete,experiments_logs/system_log/tomato/scene_04_step50/query_as_action
151,query_action_pomcp,tomato,04,31,2392905031,50,100,20,1.0,1.0,v2,0.8404,5.0,exact_oracle,complete,experiments_logs/system_log/tomato/scene_04_step50/query_as_action
152,query_action_pomcp,tomato,04,32,3372736775,50,100,20,1.0,1.0,v2,0.8404,5.0,exact_oracle,complete,experiments_logs/system_log/tomato/scene_04_step50/query_as_action
153,query_action_pomcp,tomato,04,33,3386497120,50,100,20,1.0,1.0,v2,0.8404,5.0,exact_oracle,complete,experiments_logs/system_log/tomato/scene_04_step50/query_as_action
154,query_action_pomcp,tomato,04,34,1167440852,50,100,20,1.0,1.0,v2,0.8404,5.0,exact_oracle,complete,experiments_logs/system_log/tomato/scene_04_step50/query_as_action
155,query_action_pomcp,tomato,04,35,222360660,50,100,20,1.0,1.0,v2,0.8404,5.0,exact_oracle,complete,experiments_logs/system_log/tomato/scene_04_step50/query_as_action
156,query_action_pomcp,tomato,04,36,216321642,50,100,20,1.0,1.0,v2,0.8404,5.0,exact_oracle,complete,experiments_logs/system_log/tomato/scene_04_step50/query_as_action
157,query_action_pomcp,tomato,04,37,1141903763,50,100,20,1.0,1.0,v2,0.8404,5.0,exact_oracle,complete,experiments_logs/system_log/tomato/scene_04_step50/query_as_action
158,query_action_pomcp,tomato,04,38,2219488844,50,100,20,1.0,1.0,v2,0.8404,5.0,exact_oracle,complete,experiments_logs/system_log/tomato/scene_04_step50/query_as_action
159,query_action_pomcp,tomato,04,39,3931316609,50,100,20,1.0,1.0,v2,0.8404,5.0,exact_oracle,complete,experiments_logs/system_log/tomato/scene_04_step50/query_as_action
160,query_action_pomcp,tomato,04,40,3315816046,50,100,20,1.0,1.0,v2,0.8404,5.0,exact_oracle,complete,experiments_logs/system_log/tomato/scene_04_step50/query_as_action
161,query_action_pomcp,tomato,05,1,3945754139,50,100,20,1.0,1.0,v2,0.8404,5.0,exact_oracle,complete,experiments_logs/system_log/tomato/scene_05_step50/query_as_action
162,query_action_pomcp,tomato,05,2,259038599,50,100,20,1.0,1.0,v2,0.8404,5.0,exact_oracle,complete,experiments_logs/system_log/tomato/scene_05_step50/query_as_action
163,query_action_pomcp,tomato,05,3,2898963405,50,100,20,1.0,1.0,v2,0.8404,5.0,exact_oracle,complete,experiments_logs/system_log/tomato/scene_05_step50/query_as_action
164,query_action_pomcp,tomato,05,4,1746555867,50,100,20,1.0,1.0,v2,0.8404,5.0,exact_oracle,complete,experiments_logs/system_log/tomato/scene_05_step50/query_as_action
165,query_action_pomcp,tomato,05,5,879805946,50,100,20,1.0,1.0,v2,0.8404,5.0,exact_oracle,complete,experiments_logs/system_log/tomato/scene_05_step50/query_as_action
166,query_action_pomcp,tomato,05,6,1691996467,50,100,20,1.0,1.0,v2,0.8404,5.0,exact_oracle,complete,experiments_logs/system_log/tomato/scene_05_step50/query_as_action
167,query_action_pomcp,tomato,05,7,2654066318,50,100,20,1.0,1.0,v2,0.8404,5.0,exact_oracle,complete,experiments_logs/system_log/tomato/scene_05_step50/query_as_action
168,query_action_pomcp,tomato,05,8,715972481,50,100,20,1.0,1.0,v2,0.8404,5.0,exact_oracle,complete,experiments_logs/system_log/tomato/scene_05_step50/query_as_action
169,query_action_pomcp,tomato,05,9,794861334,50,100,20,1.0,1.0,v2,0.8404,5.0,exact_oracle,complete,experiments_logs/system_log/tomato/scene_05_step50/query_as_action
170,query_action_pomcp,tomato,05,10,179847475,50,100,20,1.0,1.0,v2,0.8404,5.0,exact_oracle,complete,experiments_logs/system_log/tomato/scene_05_step50/query_as_action
171,query_action_pomcp,tomato,05,11,2141224597,50,100,20,1.0,1.0,v2,0.8404,5.0,exact_oracle,complete,experiments_logs/system_log/tomato/scene_05_step50/query_as_action
172,query_action_pomcp,tomato,05,12,3873493540,50,100,20,1.0,1.0,v2,0.8404,5.0,exact_oracle,complete,experiments_logs/system_log/tomato/scene_05_step50/query_as_action
173,query_action_pomcp,tomato,05,13,444653586,50,100,20,1.0,1.0,v2,0.8404,5.0,exact_oracle,complete,experiments_logs/system_log/tomato/scene_05_step50/query_as_action
174,query_action_pomcp,tomato,05,14,2591322916,50,100,20,1.0,1.0,v2,0.8404,5.0,exact_oracle,complete,experiments_logs/system_log/tomato/scene_05_step50/query_as_action
175,query_action_pomcp,tomato,05,15,2082077157,50,100,20,1.0,1.0,v2,0.8404,5.0,exact_oracle,complete,experiments_logs/system_log/tomato/scene_05_step50/query_as_action
176,query_action_pomcp,tomato,05,16,1584111328,50,100,20,1.0,1.0,v2,0.8404,5.0,exact_oracle,complete,experiments_logs/system_log/tomato/scene_05_step50/query_as_action
177,query_action_pomcp,tomato,05,17,2883494985,50,100,20,1.0,1.0,v2,0.8404,5.0,exact_oracle,complete,experiments_logs/system_log/tomato/scene_05_step50/query_as_action
178,query_action_pomcp,tomato,05,18,2222584418,50,100,20,1.0,1.0,v2,0.8404,5.0,exact_oracle,complete,experiments_logs/system_log/tomato/scene_05_step50/query_as_action
179,query_action_pomcp,tomato,05,19,1573496301,50,100,20,1.0,1.0,v2,0.8404,5.0,exact_oracle,complete,experiments_logs/system_log/tomato/scene_05_step50/query_as_action
180,query_action_pomcp,tomato,05,20,3850832736,50,100,20,1.0,1.0,v2,0.8404,5.0,exact_oracle,complete,experiments_logs/system_log/tomato/scene_05_step50/query_as_action
181,query_action_pomcp,tomato,05,21,1896365895,50,100,20,1.0,1.0,v2,0.8404,5.0,exact_oracle,complete,experiments_logs/system_log/tomato/scene_05_step50/query_as_action
182,query_action_pomcp,tomato,05,22,2128654182,50,100,20,1.0,1.0,v2,0.8404,5.0,exact_oracle,complete,experiments_logs/system_log/tomato/scene_05_step50/query_as_action
183,query_action_pomcp,tomato,05,23,3471226395,50,100,20,1.0,1.0,v2,0.8404,5.0,exact_oracle,complete,experiments_logs/system_log/tomato/scene_05_step50/query_as_action
184,query_action_pomcp,tomato,05,24,1127296088,50,100,20,1.0,1.0,v2,0.8404,5.0,exact_oracle,complete,experiments_logs/system_log/tomato/scene_05_step50/query_as_action
185,query_action_pomcp,tomato,05,25,346784313,50,100,20,1.0,1.0,v2,0.8404,5.0,exact_oracle,complete,experiments_logs/system_log/tomato/scene_05_step50/query_as_action
186,query_action_pomcp,tomato,05,26,1271340849,50,100,20,1.0,1.0,v2,0.8404,5.0,exact_oracle,complete,experiments_logs/system_log/tomato/scene_05_step50/query_as_action
187,query_action_pomcp,tomato,05,27,1196215500,50,100,20,1.0,1.0,v2,0.8404,5.0,exact_oracle,complete,experiments_logs/system_log/tomato/scene_05_step50/query_as_action
188,query_action_pomcp,tomato,05,28,3594782946,50,100,20,1.0,1.0,v2,0.8404,5.0,exact_oracle,complete,experiments_logs/system_log/tomato/scene_05_step50/query_as_action
189,query_action_pomcp,tomato,05,29,3869246695,50,100,20,1.0,1.0,v2,0.8404,5.0,exact_oracle,complete,experiments_logs/system_log/tomato/scene_05_step50/query_as_action
190,query_action_pomcp,tomato,05,30,2231101089,50,100,20,1.0,1.0,v2,0.8404,5.0,exact_oracle,complete,experiments_logs/system_log/tomato/scene_05_step50/query_as_action
191,query_action_pomcp,tomato,05,31,28332744,50,100,20,1.0,1.0,v2,0.8404,5.0,exact_oracle,complete,experiments_logs/system_log/tomato/scene_05_step50/query_as_action
192,query_action_pomcp,tomato,05,32,815541928,50,100,20,1.0,1.0,v2,0.8404,5.0,exact_oracle,complete,experiments_logs/system_log/tomato/scene_05_step50/query_as_action
193,query_action_pomcp,tomato,05,33,3637968608,50,100,20,1.0,1.0,v2,0.8404,5.0,exact_oracle,complete,experiments_logs/system_log/tomato/scene_05_step50/query_as_action
194,query_action_pomcp,tomato,05,34,1985644872,50,100,20,1.0,1.0,v2,0.8404,5.0,exact_oracle,complete,experiments_logs/system_log/tomato/scene_05_step50/query_as_action
195,query_action_pomcp,tomato,05,35,589229374,50,100,20,1.0,1.0,v2,0.8404,5.0,exact_oracle,complete,experiments_logs/system_log/tomato/scene_05_step50/query_as_action
196,query_action_pomcp,tomato,05,36,1101473435,50,100,20,1.0,1.0,v2,0.8404,5.0,exact_oracle,complete,experiments_logs/system_log/tomato/scene_05_step50/query_as_action
197,query_action_pomcp,tomato,05,37,3696024021,50,100,20,1.0,1.0,v2,0.8404,5.0,exact_oracle,complete,experiments_logs/system_log/tomato/scene_05_step50/query_as_action
198,query_action_pomcp,tomato,05,38,4191848859,50,100,20,1.0,1.0,v2,0.8404,5.0,exact_oracle,complete,experiments_logs/system_log/tomato/scene_05_step50/query_as_action
199,query_action_pomcp,tomato,05,39,1042830735,50,100,20,1.0,1.0,v2,0.8404,5.0,exact_oracle,complete,experiments_logs/system_log/tomato/scene_05_step50/query_as_action
200,query_action_pomcp,tomato,05,40,3034198474,50,100,20,1.0,1.0,v2,0.8404,5.0,exact_oracle,complete,experiments_logs/system_log/tomato/scene_05_step50/query_as_action
201,query_action_pomcp,wastesorting,01,1,4064545001,50,100,20,1.0,1.0,v2,0.8704,5.0,exact_oracle,complete,experiments_logs/system_log/wastesorting/scene_01_step50/query_as_action
202,query_action_pomcp,wastesorting,01,2,3622402991,50,100,20,1.0,1.0,v2,0.8704,5.0,exact_oracle,complete,experiments_logs/system_log/wastesorting/scene_01_step50/query_as_action
203,query_action_pomcp,wastesorting,01,3,2310768630,50,100,20,1.0,1.0,v2,0.8704,5.0,exact_oracle,complete,experiments_logs/system_log/wastesorting/scene_01_step50/query_as_action
204,query_action_pomcp,wastesorting,01,4,2226680570,50,100,20,1.0,1.0,v2,0.8704,5.0,exact_oracle,complete,experiments_logs/system_log/wastesorting/scene_01_step50/query_as_action
205,query_action_pomcp,wastesorting,01,5,4139245423,50,100,20,1.0,1.0,v2,0.8704,5.0,exact_oracle,complete,experiments_logs/system_log/wastesorting/scene_01_step50/query_as_action
206,query_action_pomcp,wastesorting,01,6,3176006814,50,100,20,1.0,1.0,v2,0.8704,5.0,exact_oracle,complete,experiments_logs/system_log/wastesorting/scene_01_step50/query_as_action
207,query_action_pomcp,wastesorting,01,7,1446821692,50,100,20,1.0,1.0,v2,0.8704,5.0,exact_oracle,complete,experiments_logs/system_log/wastesorting/scene_01_step50/query_as_action
208,query_action_pomcp,wastesorting,01,8,2855763027,50,100,20,1.0,1.0,v2,0.8704,5.0,exact_oracle,complete,experiments_logs/system_log/wastesorting/scene_01_step50/query_as_action
209,query_action_pomcp,wastesorting,01,9,3987872288,50,100,20,1.0,1.0,v2,0.8704,5.0,exact_oracle,complete,experiments_logs/system_log/wastesorting/scene_01_step50/query_as_action
210,query_action_pomcp,wastesorting,01,10,3143992301,50,100,20,1.0,1.0,v2,0.8704,5.0,exact_oracle,complete,experiments_logs/system_log/wastesorting/scene_01_step50/query_as_action
211,query_action_pomcp,wastesorting,01,11,304491485,50,100,20,1.0,1.0,v2,0.8704,5.0,exact_oracle,complete,experiments_logs/system_log/wastesorting/scene_01_step50/query_as_action
212,query_action_pomcp,wastesorting,01,12,1469124930,50,100,20,1.0,1.0,v2,0.8704,5.0,exact_oracle,complete,experiments_logs/system_log/wastesorting/scene_01_step50/query_as_action
213,query_action_pomcp,wastesorting,01,13,3904873952,50,100,20,1.0,1.0,v2,0.8704,5.0,exact_oracle,complete,experiments_logs/system_log/wastesorting/scene_01_step50/query_as_action
214,query_action_pomcp,wastesorting,01,14,1753239905,50,100,20,1.0,1.0,v2,0.8704,5.0,exact_oracle,complete,experiments_logs/system_log/wastesorting/scene_01_step50/query_as_action
215,query_action_pomcp,wastesorting,01,15,3890046989,50,100,20,1.0,1.0,v2,0.8704,5.0,exact_oracle,complete,experiments_logs/system_log/wastesorting/scene_01_step50/query_as_action
216,query_action_pomcp,wastesorting,01,16,4016452800,50,100,20,1.0,1.0,v2,0.8704,5.0,exact_oracle,complete,experiments_logs/system_log/wastesorting/scene_01_step50/query_as_action
217,query_action_pomcp,wastesorting,01,17,1421291149,50,100,20,1.0,1.0,v2,0.8704,5.0,exact_oracle,complete,experiments_logs/system_log/wastesorting/scene_01_step50/query_as_action
218,query_action_pomcp,wastesorting,01,18,1201660994,50,100,20,1.0,1.0,v2,0.8704,5.0,exact_oracle,complete,experiments_logs/system_log/wastesorting/scene_01_step50/query_as_action
219,query_action_pomcp,wastesorting,01,19,2732686114,50,100,20,1.0,1.0,v2,0.8704,5.0,exact_oracle,complete,experiments_logs/system_log/wastesorting/scene_01_step50/query_as_action
220,query_action_pomcp,wastesorting,01,20,3276452260,50,100,20,1.0,1.0,v2,0.8704,5.0,exact_oracle,complete,experiments_logs/system_log/wastesorting/scene_01_step50/query_as_action
221,query_action_pomcp,wastesorting,01,21,973561137,50,100,20,1.0,1.0,v2,0.8704,5.0,exact_oracle,complete,experiments_logs/system_log/wastesorting/scene_01_step50/query_as_action
222,query_action_pomcp,wastesorting,01,22,221659181,50,100,20,1.0,1.0,v2,0.8704,5.0,exact_oracle,complete,experiments_logs/system_log/wastesorting/scene_01_step50/query_as_action
223,query_action_pomcp,wastesorting,01,23,3794435593,50,100,20,1.0,1.0,v2,0.8704,5.0,exact_oracle,complete,experiments_logs/system_log/wastesorting/scene_01_step50/query_as_action
224,query_action_pomcp,wastesorting,01,24,1062380405,50,100,20,1.0,1.0,v2,0.8704,5.0,exact_oracle,complete,experiments_logs/system_log/wastesorting/scene_01_step50/query_as_action
225,query_action_pomcp,wastesorting,01,25,2258604627,50,100,20,1.0,1.0,v2,0.8704,5.0,exact_oracle,complete,experiments_logs/system_log/wastesorting/scene_01_step50/query_as_action
226,query_action_pomcp,wastesorting,01,26,2829245352,50,100,20,1.0,1.0,v2,0.8704,5.0,exact_oracle,complete,experiments_logs/system_log/wastesorting/scene_01_step50/query_as_action
227,query_action_pomcp,wastesorting,01,27,3940097250,50,100,20,1.0,1.0,v2,0.8704,5.0,exact_oracle,complete,experiments_logs/system_log/wastesorting/scene_01_step50/query_as_action
228,query_action_pomcp,wastesorting,01,28,2295953812,50,100,20,1.0,1.0,v2,0.8704,5.0,exact_oracle,complete,experiments_logs/system_log/wastesorting/scene_01_step50/query_as_action
229,query_action_pomcp,wastesorting,01,29,1147340016,50,100,20,1.0,1.0,v2,0.8704,5.0,exact_oracle,complete,experiments_logs/system_log/wastesorting/scene_01_step50/query_as_action
230,query_action_pomcp,wastesorting,01,30,3656921932,50,100,20,1.0,1.0,v2,0.8704,5.0,exact_oracle,complete,experiments_logs/system_log/wastesorting/scene_01_step50/query_as_action
231,query_action_pomcp,wastesorting,01,31,834664221,50,100,20,1.0,1.0,v2,0.8704,5.0,exact_oracle,complete,experiments_logs/system_log/wastesorting/scene_01_step50/query_as_action
232,query_action_pomcp,wastesorting,01,32,2566599462,50,100,20,1.0,1.0,v2,0.8704,5.0,exact_oracle,complete,experiments_logs/system_log/wastesorting/scene_01_step50/query_as_action
233,query_action_pomcp,wastesorting,01,33,481330159,50,100,20,1.0,1.0,v2,0.8704,5.0,exact_oracle,complete,experiments_logs/system_log/wastesorting/scene_01_step50/query_as_action
234,query_action_pomcp,wastesorting,01,34,3722475659,50,100,20,1.0,1.0,v2,0.8704,5.0,exact_oracle,complete,experiments_logs/system_log/wastesorting/scene_01_step50/query_as_action
235,query_action_pomcp,wastesorting,01,35,3267154761,50,100,20,1.0,1.0,v2,0.8704,5.0,exact_oracle,complete,experiments_logs/system_log/wastesorting/scene_01_step50/query_as_action
236,query_action_pomcp,wastesorting,01,36,2062582486,50,100,20,1.0,1.0,v2,0.8704,5.0,exact_oracle,complete,experiments_logs/system_log/wastesorting/scene_01_step50/query_as_action
237,query_action_pomcp,wastesorting,01,37,4001804605,50,100,20,1.0,1.0,v2,0.8704,5.0,exact_oracle,complete,experiments_logs/system_log/wastesorting/scene_01_step50/query_as_action
238,query_action_pomcp,wastesorting,01,38,3175035907,50,100,20,1.0,1.0,v2,0.8704,5.0,exact_oracle,complete,experiments_logs/system_log/wastesorting/scene_01_step50/query_as_action
239,query_action_pomcp,wastesorting,01,39,3156193605,50,100,20,1.0,1.0,v2,0.8704,5.0,exact_oracle,complete,experiments_logs/system_log/wastesorting/scene_01_step50/query_as_action
240,query_action_pomcp,wastesorting,01,40,3862245153,50,100,20,1.0,1.0,v2,0.8704,5.0,exact_oracle,complete,experiments_logs/system_log/wastesorting/scene_01_step50/query_as_action
241,query_action_pomcp,wastesorting,02,1,2156641990,50,100,20,1.0,1.0,v2,0.8704,5.0,exact_oracle,complete,experiments_logs/system_log/wastesorting/scene_02_step50/query_as_action
242,query_action_pomcp,wastesorting,02,2,715488211,50,100,20,1.0,1.0,v2,0.8704,5.0,exact_oracle,complete,experiments_logs/system_log/wastesorting/scene_02_step50/query_as_action
243,query_action_pomcp,wastesorting,02,3,1273456514,50,100,20,1.0,1.0,v2,0.8704,5.0,exact_oracle,complete,experiments_logs/system_log/wastesorting/scene_02_step50/query_as_action
244,query_action_pomcp,wastesorting,02,4,1679391382,50,100,20,1.0,1.0,v2,0.8704,5.0,exact_oracle,complete,experiments_logs/system_log/wastesorting/scene_02_step50/query_as_action
245,query_action_pomcp,wastesorting,02,5,1315496753,50,100,20,1.0,1.0,v2,0.8704,5.0,exact_oracle,complete,experiments_logs/system_log/wastesorting/scene_02_step50/query_as_action
246,query_action_pomcp,wastesorting,02,6,3794247199,50,100,20,1.0,1.0,v2,0.8704,5.0,exact_oracle,complete,experiments_logs/system_log/wastesorting/scene_02_step50/query_as_action
247,query_action_pomcp,wastesorting,02,7,2628956077,50,100,20,1.0,1.0,v2,0.8704,5.0,exact_oracle,complete,experiments_logs/system_log/wastesorting/scene_02_step50/query_as_action
248,query_action_pomcp,wastesorting,02,8,1669852028,50,100,20,1.0,1.0,v2,0.8704,5.0,exact_oracle,complete,experiments_logs/system_log/wastesorting/scene_02_step50/query_as_action
249,query_action_pomcp,wastesorting,02,9,2314118130,50,100,20,1.0,1.0,v2,0.8704,5.0,exact_oracle,complete,experiments_logs/system_log/wastesorting/scene_02_step50/query_as_action
250,query_action_pomcp,wastesorting,02,10,1150653687,50,100,20,1.0,1.0,v2,0.8704,5.0,exact_oracle,complete,experiments_logs/system_log/wastesorting/scene_02_step50/query_as_action
251,query_action_pomcp,wastesorting,02,11,3820178410,50,100,20,1.0,1.0,v2,0.8704,5.0,exact_oracle,complete,experiments_logs/system_log/wastesorting/scene_02_step50/query_as_action
252,query_action_pomcp,wastesorting,02,12,1684512935,50,100,20,1.0,1.0,v2,0.8704,5.0,exact_oracle,complete,experiments_logs/system_log/wastesorting/scene_02_step50/query_as_action
253,query_action_pomcp,wastesorting,02,13,800159661,50,100,20,1.0,1.0,v2,0.8704,5.0,exact_oracle,complete,experiments_logs/system_log/wastesorting/scene_02_step50/query_as_action
254,query_action_pomcp,wastesorting,02,14,3132007216,50,100,20,1.0,1.0,v2,0.8704,5.0,exact_oracle,complete,experiments_logs/system_log/wastesorting/scene_02_step50/query_as_action
255,query_action_pomcp,wastesorting,02,15,431660203,50,100,20,1.0,1.0,v2,0.8704,5.0,exact_oracle,complete,experiments_logs/system_log/wastesorting/scene_02_step50/query_as_action
256,query_action_pomcp,wastesorting,02,16,4052769592,50,100,20,1.0,1.0,v2,0.8704,5.0,exact_oracle,complete,experiments_logs/system_log/wastesorting/scene_02_step50/query_as_action
257,query_action_pomcp,wastesorting,02,17,1116766657,50,100,20,1.0,1.0,v2,0.8704,5.0,exact_oracle,complete,experiments_logs/system_log/wastesorting/scene_02_step50/query_as_action
258,query_action_pomcp,wastesorting,02,18,1960486937,50,100,20,1.0,1.0,v2,0.8704,5.0,exact_oracle,complete,experiments_logs/system_log/wastesorting/scene_02_step50/query_as_action
259,query_action_pomcp,wastesorting,02,19,1185595584,50,100,20,1.0,1.0,v2,0.8704,5.0,exact_oracle,complete,experiments_logs/system_log/wastesorting/scene_02_step50/query_as_action
260,query_action_pomcp,wastesorting,02,20,2175442287,50,100,20,1.0,1.0,v2,0.8704,5.0,exact_oracle,complete,experiments_logs/system_log/wastesorting/scene_02_step50/query_as_action
261,query_action_pomcp,wastesorting,02,21,1478189300,50,100,20,1.0,1.0,v2,0.8704,5.0,exact_oracle,complete,experiments_logs/system_log/wastesorting/scene_02_step50/query_as_action
262,query_action_pomcp,wastesorting,02,22,2497538083,50,100,20,1.0,1.0,v2,0.8704,5.0,exact_oracle,complete,experiments_logs/system_log/wastesorting/scene_02_step50/query_as_action
263,query_action_pomcp,wastesorting,02,23,92232459,50,100,20,1.0,1.0,v2,0.8704,5.0,exact_oracle,complete,experiments_logs/system_log/wastesorting/scene_02_step50/query_as_action
264,query_action_pomcp,wastesorting,02,24,3750062435,50,100,20,1.0,1.0,v2,0.8704,5.0,exact_oracle,complete,experiments_logs/system_log/wastesorting/scene_02_step50/query_as_action
265,query_action_pomcp,wastesorting,02,25,3666558197,50,100,20,1.0,1.0,v2,0.8704,5.0,exact_oracle,complete,experiments_logs/system_log/wastesorting/scene_02_step50/query_as_action
266,query_action_pomcp,wastesorting,02,26,4053942929,50,100,20,1.0,1.0,v2,0.8704,5.0,exact_oracle,complete,experiments_logs/system_log/wastesorting/scene_02_step50/query_as_action
267,query_action_pomcp,wastesorting,02,27,1014673370,50,100,20,1.0,1.0,v2,0.8704,5.0,exact_oracle,complete,experiments_logs/system_log/wastesorting/scene_02_step50/query_as_action
268,query_action_pomcp,wastesorting,02,28,3041513348,50,100,20,1.0,1.0,v2,0.8704,5.0,exact_oracle,complete,experiments_logs/system_log/wastesorting/scene_02_step50/query_as_action
269,query_action_pomcp,wastesorting,02,29,3100998094,50,100,20,1.0,1.0,v2,0.8704,5.0,exact_oracle,complete,experiments_logs/system_log/wastesorting/scene_02_step50/query_as_action
270,query_action_pomcp,wastesorting,02,30,2006819571,50,100,20,1.0,1.0,v2,0.8704,5.0,exact_oracle,complete,experiments_logs/system_log/wastesorting/scene_02_step50/query_as_action
271,query_action_pomcp,wastesorting,02,31,604661570,50,100,20,1.0,1.0,v2,0.8704,5.0,exact_oracle,complete,experiments_logs/system_log/wastesorting/scene_02_step50/query_as_action
272,query_action_pomcp,wastesorting,02,32,1859675682,50,100,20,1.0,1.0,v2,0.8704,5.0,exact_oracle,complete,experiments_logs/system_log/wastesorting/scene_02_step50/query_as_action
273,query_action_pomcp,wastesorting,02,33,2681088983,50,100,20,1.0,1.0,v2,0.8704,5.0,exact_oracle,complete,experiments_logs/system_log/wastesorting/scene_02_step50/query_as_action
274,query_action_pomcp,wastesorting,02,34,2903446598,50,100,20,1.0,1.0,v2,0.8704,5.0,exact_oracle,complete,experiments_logs/system_log/wastesorting/scene_02_step50/query_as_action
275,query_action_pomcp,wastesorting,02,35,4138266715,50,100,20,1.0,1.0,v2,0.8704,5.0,exact_oracle,complete,experiments_logs/system_log/wastesorting/scene_02_step50/query_as_action
276,query_action_pomcp,wastesorting,02,36,3361930932,50,100,20,1.0,1.0,v2,0.8704,5.0,exact_oracle,complete,experiments_logs/system_log/wastesorting/scene_02_step50/query_as_action
277,query_action_pomcp,wastesorting,02,37,2679542969,50,100,20,1.0,1.0,v2,0.8704,5.0,exact_oracle,complete,experiments_logs/system_log/wastesorting/scene_02_step50/query_as_action
278,query_action_pomcp,wastesorting,02,38,1191125615,50,100,20,1.0,1.0,v2,0.8704,5.0,exact_oracle,complete,experiments_logs/system_log/wastesorting/scene_02_step50/query_as_action
279,query_action_pomcp,wastesorting,02,39,2226175700,50,100,20,1.0,1.0,v2,0.8704,5.0,exact_oracle,complete,experiments_logs/system_log/wastesorting/scene_02_step50/query_as_action
280,query_action_pomcp,wastesorting,02,40,3749131969,50,100,20,1.0,1.0,v2,0.8704,5.0,exact_oracle,complete,experiments_logs/system_log/wastesorting/scene_02_step50/query_as_action
281,query_action_pomcp,wastesorting,03,1,935228514,50,100,20,1.0,1.0,v2,0.8704,5.0,exact_oracle,complete,experiments_logs/system_log/wastesorting/scene_03_step50/query_as_action
282,query_action_pomcp,wastesorting,03,2,1971182115,50,100,20,1.0,1.0,v2,0.8704,5.0,exact_oracle,complete,experiments_logs/system_log/wastesorting/scene_03_step50/query_as_action
283,query_action_pomcp,wastesorting,03,3,2394637227,50,100,20,1.0,1.0,v2,0.8704,5.0,exact_oracle,complete,experiments_logs/system_log/wastesorting/scene_03_step50/query_as_action
284,query_action_pomcp,wastesorting,03,4,3544407771,50,100,20,1.0,1.0,v2,0.8704,5.0,exact_oracle,complete,experiments_logs/system_log/wastesorting/scene_03_step50/query_as_action
285,query_action_pomcp,wastesorting,03,5,151419445,50,100,20,1.0,1.0,v2,0.8704,5.0,exact_oracle,complete,experiments_logs/system_log/wastesorting/scene_03_step50/query_as_action
286,query_action_pomcp,wastesorting,03,6,878097152,50,100,20,1.0,1.0,v2,0.8704,5.0,exact_oracle,complete,experiments_logs/system_log/wastesorting/scene_03_step50/query_as_action
287,query_action_pomcp,wastesorting,03,7,2160290877,50,100,20,1.0,1.0,v2,0.8704,5.0,exact_oracle,complete,experiments_logs/system_log/wastesorting/scene_03_step50/query_as_action
288,query_action_pomcp,wastesorting,03,8,1263200062,50,100,20,1.0,1.0,v2,0.8704,5.0,exact_oracle,complete,experiments_logs/system_log/wastesorting/scene_03_step50/query_as_action
289,query_action_pomcp,wastesorting,03,9,2442584840,50,100,20,1.0,1.0,v2,0.8704,5.0,exact_oracle,complete,experiments_logs/system_log/wastesorting/scene_03_step50/query_as_action
290,query_action_pomcp,wastesorting,03,10,995062266,50,100,20,1.0,1.0,v2,0.8704,5.0,exact_oracle,complete,experiments_logs/system_log/wastesorting/scene_03_step50/query_as_action
291,query_action_pomcp,wastesorting,03,11,1757091912,50,100,20,1.0,1.0,v2,0.8704,5.0,exact_oracle,complete,experiments_logs/system_log/wastesorting/scene_03_step50/query_as_action
292,query_action_pomcp,wastesorting,03,12,703706258,50,100,20,1.0,1.0,v2,0.8704,5.0,exact_oracle,complete,experiments_logs/system_log/wastesorting/scene_03_step50/query_as_action
293,query_action_pomcp,wastesorting,03,13,3734705447,50,100,20,1.0,1.0,v2,0.8704,5.0,exact_oracle,complete,experiments_logs/system_log/wastesorting/scene_03_step50/query_as_action
294,query_action_pomcp,wastesorting,03,14,808931924,50,100,20,1.0,1.0,v2,0.8704,5.0,exact_oracle,complete,experiments_logs/system_log/wastesorting/scene_03_step50/query_as_action
295,query_action_pomcp,wastesorting,03,15,1010706734,50,100,20,1.0,1.0,v2,0.8704,5.0,exact_oracle,complete,experiments_logs/system_log/wastesorting/scene_03_step50/query_as_action
296,query_action_pomcp,wastesorting,03,16,1790509877,50,100,20,1.0,1.0,v2,0.8704,5.0,exact_oracle,complete,experiments_logs/system_log/wastesorting/scene_03_step50/query_as_action
297,query_action_pomcp,wastesorting,03,17,1862543915,50,100,20,1.0,1.0,v2,0.8704,5.0,exact_oracle,complete,experiments_logs/system_log/wastesorting/scene_03_step50/query_as_action
298,query_action_pomcp,wastesorting,03,18,2836132436,50,100,20,1.0,1.0,v2,0.8704,5.0,exact_oracle,complete,experiments_logs/system_log/wastesorting/scene_03_step50/query_as_action
299,query_action_pomcp,wastesorting,03,19,4248209127,50,100,20,1.0,1.0,v2,0.8704,5.0,exact_oracle,complete,experiments_logs/system_log/wastesorting/scene_03_step50/query_as_action
300,query_action_pomcp,wastesorting,03,20,1312241461,50,100,20,1.0,1.0,v2,0.8704,5.0,exact_oracle,complete,experiments_logs/system_log/wastesorting/scene_03_step50/query_as_action
301,query_action_pomcp,wastesorting,03,21,1849750684,50,100,20,1.0,1.0,v2,0.8704,5.0,exact_oracle,complete,experiments_logs/system_log/wastesorting/scene_03_step50/query_as_action
302,query_action_pomcp,wastesorting,03,22,3532582087,50,100,20,1.0,1.0,v2,0.8704,5.0,exact_oracle,complete,experiments_logs/system_log/wastesorting/scene_03_step50/query_as_action
303,query_action_pomcp,wastesorting,03,23,1682900593,50,100,20,1.0,1.0,v2,0.8704,5.0,exact_oracle,complete,experiments_logs/system_log/wastesorting/scene_03_step50/query_as_action
304,query_action_pomcp,wastesorting,03,24,2815362486,50,100,20,1.0,1.0,v2,0.8704,5.0,exact_oracle,complete,experiments_logs/system_log/wastesorting/scene_03_step50/query_as_action
305,query_action_pomcp,wastesorting,03,25,408728855,50,100,20,1.0,1.0,v2,0.8704,5.0,exact_oracle,complete,experiments_logs/system_log/wastesorting/scene_03_step50/query_as_action
306,query_action_pomcp,wastesorting,03,26,2192330955,50,100,20,1.0,1.0,v2,0.8704,5.0,exact_oracle,complete,experiments_logs/system_log/wastesorting/scene_03_step50/query_as_action
307,query_action_pomcp,wastesorting,03,27,2090573975,50,100,20,1.0,1.0,v2,0.8704,5.0,exact_oracle,complete,experiments_logs/system_log/wastesorting/scene_03_step50/query_as_action
308,query_action_pomcp,wastesorting,03,28,1932548607,50,100,20,1.0,1.0,v2,0.8704,5.0,exact_oracle,complete,experiments_logs/system_log/wastesorting/scene_03_step50/query_as_action
309,query_action_pomcp,wastesorting,03,29,1123572063,50,100,20,1.0,1.0,v2,0.8704,5.0,exact_oracle,complete,experiments_logs/system_log/wastesorting/scene_03_step50/query_as_action
310,query_action_pomcp,wastesorting,03,30,4128056421,50,100,20,1.0,1.0,v2,0.8704,5.0,exact_oracle,complete,experiments_logs/system_log/wastesorting/scene_03_step50/query_as_action
311,query_action_pomcp,wastesorting,03,31,428908864,50,100,20,1.0,1.0,v2,0.8704,5.0,exact_oracle,complete,experiments_logs/system_log/wastesorting/scene_03_step50/query_as_action
312,query_action_pomcp,wastesorting,03,32,3643526193,50,100,20,1.0,1.0,v2,0.8704,5.0,exact_oracle,complete,experiments_logs/system_log/wastesorting/scene_03_step50/query_as_action
313,query_action_pomcp,wastesorting,03,33,3925417317,50,100,20,1.0,1.0,v2,0.8704,5.0,exact_oracle,complete,experiments_logs/system_log/wastesorting/scene_03_step50/query_as_action
314,query_action_pomcp,wastesorting,03,34,3952233946,50,100,20,1.0,1.0,v2,0.8704,5.0,exact_oracle,complete,experiments_logs/system_log/wastesorting/scene_03_step50/query_as_action
315,query_action_pomcp,wastesorting,03,35,3772505736,50,100,20,1.0,1.0,v2,0.8704,5.0,exact_oracle,complete,experiments_logs/system_log/wastesorting/scene_03_step50/query_as_action
316,query_action_pomcp,wastesorting,03,36,2200107462,50,100,20,1.0,1.0,v2,0.8704,5.0,exact_oracle,complete,experiments_logs/system_log/wastesorting/scene_03_step50/query_as_action
317,query_action_pomcp,wastesorting,03,37,1065524053,50,100,20,1.0,1.0,v2,0.8704,5.0,exact_oracle,complete,experiments_logs/system_log/wastesorting/scene_03_step50/query_as_action
318,query_action_pomcp,wastesorting,03,38,1429072852,50,100,20,1.0,1.0,v2,0.8704,5.0,exact_oracle,complete,experiments_logs/system_log/wastesorting/scene_03_step50/query_as_action
319,query_action_pomcp,wastesorting,03,39,1198822842,50,100,20,1.0,1.0,v2,0.8704,5.0,exact_oracle,complete,experiments_logs/system_log/wastesorting/scene_03_step50/query_as_action
320,query_action_pomcp,wastesorting,03,40,864565644,50,100,20,1.0,1.0,v2,0.8704,5.0,exact_oracle,complete,experiments_logs/system_log/wastesorting/scene_03_step50/query_as_action
321,query_action_pomcp,wastesorting,04,1,3291161639,50,100,20,1.0,1.0,v2,0.8704,5.0,exact_oracle,complete,experiments_logs/system_log/wastesorting/scene_04_step50/query_as_action
322,query_action_pomcp,wastesorting,04,2,1838985415,50,100,20,1.0,1.0,v2,0.8704,5.0,exact_oracle,complete,experiments_logs/system_log/wastesorting/scene_04_step50/query_as_action
323,query_action_pomcp,wastesorting,04,3,1973069430,50,100,20,1.0,1.0,v2,0.8704,5.0,exact_oracle,complete,experiments_logs/system_log/wastesorting/scene_04_step50/query_as_action
324,query_action_pomcp,wastesorting,04,4,414427021,50,100,20,1.0,1.0,v2,0.8704,5.0,exact_oracle,complete,experiments_logs/system_log/wastesorting/scene_04_step50/query_as_action
325,query_action_pomcp,wastesorting,04,5,3201562577,50,100,20,1.0,1.0,v2,0.8704,5.0,exact_oracle,complete,experiments_logs/system_log/wastesorting/scene_04_step50/query_as_action
326,query_action_pomcp,wastesorting,04,6,2350780499,50,100,20,1.0,1.0,v2,0.8704,5.0,exact_oracle,complete,experiments_logs/system_log/wastesorting/scene_04_step50/query_as_action
327,query_action_pomcp,wastesorting,04,7,2401657902,50,100,20,1.0,1.0,v2,0.8704,5.0,exact_oracle,complete,experiments_logs/system_log/wastesorting/scene_04_step50/query_as_action
328,query_action_pomcp,wastesorting,04,8,3182553066,50,100,20,1.0,1.0,v2,0.8704,5.0,exact_oracle,complete,experiments_logs/system_log/wastesorting/scene_04_step50/query_as_action
329,query_action_pomcp,wastesorting,04,9,1147895942,50,100,20,1.0,1.0,v2,0.8704,5.0,exact_oracle,complete,experiments_logs/system_log/wastesorting/scene_04_step50/query_as_action
330,query_action_pomcp,wastesorting,04,10,472386282,50,100,20,1.0,1.0,v2,0.8704,5.0,exact_oracle,complete,experiments_logs/system_log/wastesorting/scene_04_step50/query_as_action
331,query_action_pomcp,wastesorting,04,11,558605806,50,100,20,1.0,1.0,v2,0.8704,5.0,exact_oracle,complete,experiments_logs/system_log/wastesorting/scene_04_step50/query_as_action
332,query_action_pomcp,wastesorting,04,12,3110233099,50,100,20,1.0,1.0,v2,0.8704,5.0,exact_oracle,complete,experiments_logs/system_log/wastesorting/scene_04_step50/query_as_action
333,query_action_pomcp,wastesorting,04,13,1105776053,50,100,20,1.0,1.0,v2,0.8704,5.0,exact_oracle,complete,experiments_logs/system_log/wastesorting/scene_04_step50/query_as_action
334,query_action_pomcp,wastesorting,04,14,3718837247,50,100,20,1.0,1.0,v2,0.8704,5.0,exact_oracle,complete,experiments_logs/system_log/wastesorting/scene_04_step50/query_as_action
335,query_action_pomcp,wastesorting,04,15,4193229496,50,100,20,1.0,1.0,v2,0.8704,5.0,exact_oracle,complete,experiments_logs/system_log/wastesorting/scene_04_step50/query_as_action
336,query_action_pomcp,wastesorting,04,16,3369209442,50,100,20,1.0,1.0,v2,0.8704,5.0,exact_oracle,complete,experiments_logs/system_log/wastesorting/scene_04_step50/query_as_action
337,query_action_pomcp,wastesorting,04,17,3692021791,50,100,20,1.0,1.0,v2,0.8704,5.0,exact_oracle,complete,experiments_logs/system_log/wastesorting/scene_04_step50/query_as_action
338,query_action_pomcp,wastesorting,04,18,1445352403,50,100,20,1.0,1.0,v2,0.8704,5.0,exact_oracle,complete,experiments_logs/system_log/wastesorting/scene_04_step50/query_as_action
339,query_action_pomcp,wastesorting,04,19,2413410080,50,100,20,1.0,1.0,v2,0.8704,5.0,exact_oracle,complete,experiments_logs/system_log/wastesorting/scene_04_step50/query_as_action
340,query_action_pomcp,wastesorting,04,20,3310113005,50,100,20,1.0,1.0,v2,0.8704,5.0,exact_oracle,complete,experiments_logs/system_log/wastesorting/scene_04_step50/query_as_action
341,query_action_pomcp,wastesorting,04,21,1619001990,50,100,20,1.0,1.0,v2,0.8704,5.0,exact_oracle,complete,experiments_logs/system_log/wastesorting/scene_04_step50/query_as_action
342,query_action_pomcp,wastesorting,04,22,3414205865,50,100,20,1.0,1.0,v2,0.8704,5.0,exact_oracle,complete,experiments_logs/system_log/wastesorting/scene_04_step50/query_as_action
343,query_action_pomcp,wastesorting,04,23,3989924643,50,100,20,1.0,1.0,v2,0.8704,5.0,exact_oracle,complete,experiments_logs/system_log/wastesorting/scene_04_step50/query_as_action
344,query_action_pomcp,wastesorting,04,24,1493522614,50,100,20,1.0,1.0,v2,0.8704,5.0,exact_oracle,complete,experiments_logs/system_log/wastesorting/scene_04_step50/query_as_action
345,query_action_pomcp,wastesorting,04,25,13571565,50,100,20,1.0,1.0,v2,0.8704,5.0,exact_oracle,complete,experiments_logs/system_log/wastesorting/scene_04_step50/query_as_action
346,query_action_pomcp,wastesorting,04,26,2630099760,50,100,20,1.0,1.0,v2,0.8704,5.0,exact_oracle,complete,experiments_logs/system_log/wastesorting/scene_04_step50/query_as_action
347,query_action_pomcp,wastesorting,04,27,3787165175,50,100,20,1.0,1.0,v2,0.8704,5.0,exact_oracle,complete,experiments_logs/system_log/wastesorting/scene_04_step50/query_as_action
348,query_action_pomcp,wastesorting,04,28,1518896079,50,100,20,1.0,1.0,v2,0.8704,5.0,exact_oracle,complete,experiments_logs/system_log/wastesorting/scene_04_step50/query_as_action
349,query_action_pomcp,wastesorting,04,29,506359200,50,100,20,1.0,1.0,v2,0.8704,5.0,exact_oracle,complete,experiments_logs/system_log/wastesorting/scene_04_step50/query_as_action
350,query_action_pomcp,wastesorting,04,30,2303938088,50,100,20,1.0,1.0,v2,0.8704,5.0,exact_oracle,complete,experiments_logs/system_log/wastesorting/scene_04_step50/query_as_action
351,query_action_pomcp,wastesorting,04,31,1783261924,50,100,20,1.0,1.0,v2,0.8704,5.0,exact_oracle,complete,experiments_logs/system_log/wastesorting/scene_04_step50/query_as_action
352,query_action_pomcp,wastesorting,04,32,3973487875,50,100,20,1.0,1.0,v2,0.8704,5.0,exact_oracle,complete,experiments_logs/system_log/wastesorting/scene_04_step50/query_as_action
353,query_action_pomcp,wastesorting,04,33,3576324234,50,100,20,1.0,1.0,v2,0.8704,5.0,exact_oracle,complete,experiments_logs/system_log/wastesorting/scene_04_step50/query_as_action
354,query_action_pomcp,wastesorting,04,34,3966743771,50,100,20,1.0,1.0,v2,0.8704,5.0,exact_oracle,complete,experiments_logs/system_log/wastesorting/scene_04_step50/query_as_action
355,query_action_pomcp,wastesorting,04,35,3292785302,50,100,20,1.0,1.0,v2,0.8704,5.0,exact_oracle,complete,experiments_logs/system_log/wastesorting/scene_04_step50/query_as_action
356,query_action_pomcp,wastesorting,04,36,2877610580,50,100,20,1.0,1.0,v2,0.8704,5.0,exact_oracle,complete,experiments_logs/system_log/wastesorting/scene_04_step50/query_as_action
357,query_action_pomcp,wastesorting,04,37,1852316728,50,100,20,1.0,1.0,v2,0.8704,5.0,exact_oracle,complete,experiments_logs/system_log/wastesorting/scene_04_step50/query_as_action
358,query_action_pomcp,wastesorting,04,38,132699259,50,100,20,1.0,1.0,v2,0.8704,5.0,exact_oracle,complete,experiments_logs/system_log/wastesorting/scene_04_step50/query_as_action
359,query_action_pomcp,wastesorting,04,39,1117810574,50,100,20,1.0,1.0,v2,0.8704,5.0,exact_oracle,complete,experiments_logs/system_log/wastesorting/scene_04_step50/query_as_action
360,query_action_pomcp,wastesorting,04,40,2967203946,50,100,20,1.0,1.0,v2,0.8704,5.0,exact_oracle,complete,experiments_logs/system_log/wastesorting/scene_04_step50/query_as_action
361,query_action_pomcp,wastesorting,05,1,630828154,50,100,20,1.0,1.0,v2,0.8704,5.0,exact_oracle,complete,experiments_logs/system_log/wastesorting/scene_05_step50/query_as_action
362,query_action_pomcp,wastesorting,05,2,435659992,50,100,20,1.0,1.0,v2,0.8704,5.0,exact_oracle,complete,experiments_logs/system_log/wastesorting/scene_05_step50/query_as_action
363,query_action_pomcp,wastesorting,05,3,3537170530,50,100,20,1.0,1.0,v2,0.8704,5.0,exact_oracle,complete,experiments_logs/system_log/wastesorting/scene_05_step50/query_as_action
364,query_action_pomcp,wastesorting,05,4,1280378645,50,100,20,1.0,1.0,v2,0.8704,5.0,exact_oracle,complete,experiments_logs/system_log/wastesorting/scene_05_step50/query_as_action
365,query_action_pomcp,wastesorting,05,5,3656925474,50,100,20,1.0,1.0,v2,0.8704,5.0,exact_oracle,complete,experiments_logs/system_log/wastesorting/scene_05_step50/query_as_action
366,query_action_pomcp,wastesorting,05,6,1489971784,50,100,20,1.0,1.0,v2,0.8704,5.0,exact_oracle,complete,experiments_logs/system_log/wastesorting/scene_05_step50/query_as_action
367,query_action_pomcp,wastesorting,05,7,3520141308,50,100,20,1.0,1.0,v2,0.8704,5.0,exact_oracle,complete,experiments_logs/system_log/wastesorting/scene_05_step50/query_as_action
368,query_action_pomcp,wastesorting,05,8,411692590,50,100,20,1.0,1.0,v2,0.8704,5.0,exact_oracle,complete,experiments_logs/system_log/wastesorting/scene_05_step50/query_as_action
369,query_action_pomcp,wastesorting,05,9,2624923704,50,100,20,1.0,1.0,v2,0.8704,5.0,exact_oracle,complete,experiments_logs/system_log/wastesorting/scene_05_step50/query_as_action
370,query_action_pomcp,wastesorting,05,10,3130661448,50,100,20,1.0,1.0,v2,0.8704,5.0,exact_oracle,complete,experiments_logs/system_log/wastesorting/scene_05_step50/query_as_action
371,query_action_pomcp,wastesorting,05,11,3622248746,50,100,20,1.0,1.0,v2,0.8704,5.0,exact_oracle,complete,experiments_logs/system_log/wastesorting/scene_05_step50/query_as_action
372,query_action_pomcp,wastesorting,05,12,600649243,50,100,20,1.0,1.0,v2,0.8704,5.0,exact_oracle,complete,experiments_logs/system_log/wastesorting/scene_05_step50/query_as_action
373,query_action_pomcp,wastesorting,05,13,3690243405,50,100,20,1.0,1.0,v2,0.8704,5.0,exact_oracle,complete,experiments_logs/system_log/wastesorting/scene_05_step50/query_as_action
374,query_action_pomcp,wastesorting,05,14,2666206818,50,100,20,1.0,1.0,v2,0.8704,5.0,exact_oracle,complete,experiments_logs/system_log/wastesorting/scene_05_step50/query_as_action
375,query_action_pomcp,wastesorting,05,15,2681637189,50,100,20,1.0,1.0,v2,0.8704,5.0,exact_oracle,complete,experiments_logs/system_log/wastesorting/scene_05_step50/query_as_action
376,query_action_pomcp,wastesorting,05,16,3586644066,50,100,20,1.0,1.0,v2,0.8704,5.0,exact_oracle,complete,experiments_logs/system_log/wastesorting/scene_05_step50/query_as_action
377,query_action_pomcp,wastesorting,05,17,3677160998,50,100,20,1.0,1.0,v2,0.8704,5.0,exact_oracle,complete,experiments_logs/system_log/wastesorting/scene_05_step50/query_as_action
378,query_action_pomcp,wastesorting,05,18,1159978775,50,100,20,1.0,1.0,v2,0.8704,5.0,exact_oracle,complete,experiments_logs/system_log/wastesorting/scene_05_step50/query_as_action
379,query_action_pomcp,wastesorting,05,19,4128091398,50,100,20,1.0,1.0,v2,0.8704,5.0,exact_oracle,complete,experiments_logs/system_log/wastesorting/scene_05_step50/query_as_action
380,query_action_pomcp,wastesorting,05,20,3351623416,50,100,20,1.0,1.0,v2,0.8704,5.0,exact_oracle,complete,experiments_logs/system_log/wastesorting/scene_05_step50/query_as_action
381,query_action_pomcp,wastesorting,05,21,3215763495,50,100,20,1.0,1.0,v2,0.8704,5.0,exact_oracle,complete,experiments_logs/system_log/wastesorting/scene_05_step50/query_as_action
382,query_action_pomcp,wastesorting,05,22,1045924611,50,100,20,1.0,1.0,v2,0.8704,5.0,exact_oracle,complete,experiments_logs/system_log/wastesorting/scene_05_step50/query_as_action
383,query_action_pomcp,wastesorting,05,23,449704548,50,100,20,1.0,1.0,v2,0.8704,5.0,exact_oracle,complete,experiments_logs/system_log/wastesorting/scene_05_step50/query_as_action
384,query_action_pomcp,wastesorting,05,24,1253677920,50,100,20,1.0,1.0,v2,0.8704,5.0,exact_oracle,complete,experiments_logs/system_log/wastesorting/scene_05_step50/query_as_action
385,query_action_pomcp,wastesorting,05,25,382724118,50,100,20,1.0,1.0,v2,0.8704,5.0,exact_oracle,complete,experiments_logs/system_log/wastesorting/scene_05_step50/query_as_action
386,query_action_pomcp,wastesorting,05,26,4085569034,50,100,20,1.0,1.0,v2,0.8704,5.0,exact_oracle,complete,experiments_logs/system_log/wastesorting/scene_05_step50/query_as_action
387,query_action_pomcp,wastesorting,05,27,1045529480,50,100,20,1.0,1.0,v2,0.8704,5.0,exact_oracle,complete,experiments_logs/system_log/wastesorting/scene_05_step50/query_as_action
388,query_action_pomcp,wastesorting,05,28,2875578355,50,100,20,1.0,1.0,v2,0.8704,5.0,exact_oracle,complete,experiments_logs/system_log/wastesorting/scene_05_step50/query_as_action
389,query_action_pomcp,wastesorting,05,29,230996701,50,100,20,1.0,1.0,v2,0.8704,5.0,exact_oracle,complete,experiments_logs/system_log/wastesorting/scene_05_step50/query_as_action
390,query_action_pomcp,wastesorting,05,30,4259545291,50,100,20,1.0,1.0,v2,0.8704,5.0,exact_oracle,complete,experiments_logs/system_log/wastesorting/scene_05_step50/query_as_action
391,query_action_pomcp,wastesorting,05,31,671361218,50,100,20,1.0,1.0,v2,0.8704,5.0,exact_oracle,complete,experiments_logs/system_log/wastesorting/scene_05_step50/query_as_action
392,query_action_pomcp,wastesorting,05,32,1668817081,50,100,20,1.0,1.0,v2,0.8704,5.0,exact_oracle,complete,experiments_logs/system_log/wastesorting/scene_05_step50/query_as_action
393,query_action_pomcp,wastesorting,05,33,3225313600,50,100,20,1.0,1.0,v2,0.8704,5.0,exact_oracle,complete,experiments_logs/system_log/wastesorting/scene_05_step50/query_as_action
394,query_action_pomcp,wastesorting,05,34,1380997039,50,100,20,1.0,1.0,v2,0.8704,5.0,exact_oracle,complete,experiments_logs/system_log/wastesorting/scene_05_step50/query_as_action
395,query_action_pomcp,wastesorting,05,35,2300990510,50,100,20,1.0,1.0,v2,0.8704,5.0,exact_oracle,complete,experiments_logs/system_log/wastesorting/scene_05_step50/query_as_action
396,query_action_pomcp,wastesorting,05,36,2645731214,50,100,20,1.0,1.0,v2,0.8704,5.0,exact_oracle,complete,experiments_logs/system_log/wastesorting/scene_05_step50/query_as_action
397,query_action_pomcp,wastesorting,05,37,1980913558,50,100,20,1.0,1.0,v2,0.8704,5.0,exact_oracle,complete,experiments_logs/system_log/wastesorting/scene_05_step50/query_as_action
398,query_action_pomcp,wastesorting,05,38,4060354637,50,100,20,1.0,1.0,v2,0.8704,5.0,exact_oracle,complete,experiments_logs/system_log/wastesorting/scene_05_step50/query_as_action
399,query_action_pomcp,wastesorting,05,39,3979866682,50,100,20,1.0,1.0,v2,0.8704,5.0,exact_oracle,complete,experiments_logs/system_log/wastesorting/scene_05_step50/query_as_action
400,query_action_pomcp,wastesorting,05,40,2741241943,50,100,20,1.0,1.0,v2,0.8704,5.0,exact_oracle,complete,experiments_logs/system_log/wastesorting/scene_05_step50/query_as_action
