source_file,sha256,domain,condition,scene
experiments_logs/n_simulations/20260917_065010_2044001/tomato/sim_50/scene_01/run_1/exp_tomato_20260917_065011_677196.txt,fc6795d9dfa8ee5b08ad7bc88b77062432330728de981dc9d22e8c0adf9afabe,tomato,50,01
experiments_logs/n_simulations/20260917_065010_2044001/tomato/sim_100/scene_01/run_1/exp_tomato_20260917_065013_431697.txt,186cd54db87edf5a5d7cf4dc23279984d697e577ab4a61d6b1e11f8b6f2faa58,tomato,100,01
experiments_logs/n_simulations/20260917_065010_2044001/tomato/sim_200/scene_01/run_1/exp_tomato_20260917_065016_762289.txt,a559227dace7959cbff85acd8ef30d3143a02c7bce283407f5d74f43bbd7f598,tomato,200,01
experiments_logs/n_simulations/20260917_065010_2044001/tomato/sim_50/scene_01/run_2/exp_tomato_20260917_065017_645373.txt,d13ad71b3dc1e3e6343685e1a50fe9ae9120b9e2176fc898f715461153b6b6d0,tomato,50,01
experiments_logs/n_simulations/20260917_065010_2044001/tomato/sim_100/scene_01/run_2/exp_tomato_20260917_065019_357645.txt,bb91edbedebfac2cc36a43cc2078a141d223260feb874e9652e3fec994841f5e,tomato,100,01
experiments_logs/n_simulations/20260917_065010_2044001/tomato/sim_200/scene_01/run_2/exp_tomato_20260917_065022_899320.txt,3c81e47fd5efa2091591073ff2c2b3b1e3c6c406bbe9f8fb5c9b4d857ee1d8cd,tomato,200,01
experiments_logs/n_simulations/20260917_065010_2044001/tomato/sim_50/scene_01/run_3/exp_tomato_20260917_065023_837486.txt,530973e1f6b1a788e7f0472547fe2d30d4d0f67d2d15fd800915e3dc67448da4,tomato,50,01
experiments_logs/n_simulations/20260917_065010_2044001/tomato/sim_100/scene_01/run_3/exp_tomato_20260917_065025_583423.txt,ce72719d95f28808c1f3fb7f01564ca9955e1feae4784150dcb5236488c1fc85,tomato,100,01
experiments_logs/n_simulations/20260917_065010_2044001/tomato/sim_200/scene_01/run_3/exp_tomato_20260917_065029_033950.txt,7b7e5984b0e1715f9cdcfce630c0cc98d47da4823686b89ee37998f9d4196b33,tomato,200,01
experiments_logs/n_simulations/20260917_065010_2044001/tomato/sim_50/scene_01/run_4/exp_tomato_20260917_065029_978244.txt,ef9e143cd285b2d6a259c35ea3534a0d57ff603ff3dd32ee86625b5abc552715,tomato,50,01
experiments_logs/n_simulations/20260917_065010_2044001/tomato/sim_100/scene_01/run_4/exp_tomato_20260917_065031_662649.txt,6020f026462b2dc8b349622d30b30e589e793386e7c137eb68a5a3f86dd8bbc5,tomato,100,01
experiments_logs/n_simulations/20260917_065010_2044001/tomato/sim_200/scene_01/run_4/exp_tomato_20260917_065034_949246.txt,2ce15fc47302118f75d751ca9f45b76a935a59a035bb00f5293e30f48ab956e4,tomato,200,01
experiments_logs/n_simulations/20260917_065010_2044001/tomato/sim_50/scene_01/run_5/exp_tomato_20260917_065035_880821.txt,39b76a810ad482a1be89bb6c134b82c7c4c2e8aafef2b753b22dcc70b1438aa5,tomato,50,01
experiments_logs/n_simulations/20260917_065010_2044001/tomato/sim_100/scene_01/run_5/exp_tomato_20260917_065037_660994.txt,f9d83fef19e213ae2ff08bcf7fa376377bda8cf06427df3ecfe355a876ebac9a,tomato,100,01
experiments_logs/n_simulations/20260917_065010_2044001/tomato/sim_200/scene_01/run_5/exp_tomato_20260917_065041_270480.txt,ee2c0be36b846fd04655bb5e53f23c4b885fc65ad4054883221e5c0c08038f9e,tomato,200,01
experiments_logs/n_simulations/20260917_065010_2044001/tomato/sim_50/scene_01/run_6/exp_tomato_20260917_065042_140181.txt,48894e5d33d980f28814537221992d2cfc77ea8973dd79bed2c7989ab983ccb4,tomato,50,01
experiments_logs/n_simulations/20260917_065010_2044001/tomato/sim_100/scene_01/run_6/exp_tomato_20260917_065043_850910.txt,750ff9583ce80ce6e2e2d025fcea775c3e18a4b0e9fd4d4d17cd4f4bfb7ec714,tomato,100,01
experiments_logs/n_simulations/20260917_065010_2044001/tomato/sim_200/scene_01/run_6/exp_tomato_20260917_065047_263474.txt,d257ce1b276eb008beb34e441efa452d29d66bb371b6c0ff5489117f162efb05,tomato,200,01
experiments_logs/n_simulations/20260917_065010_2044001/tomato/sim_50/scene_01/run_7/exp_tomato_20260917_065048_155031.txt,1b114b3e63fd9933ed354bd0a204b43f0e2ef7f3c290c0085fa4beb30fc04953,tomato,50,01
experiments_logs/n_simulations/20260917_065010_2044001/tomato/sim_100/scene_01/run_7/exp_tomato_20260917_065049_874362.txt,65a733177f9b8694464037e2a136d150622bf0a8272f6d1b08e1f052af3e63e4,tomato,100,01
experiments_logs/n_simulations/20260917_065010_2044001/tomato/sim_200/scene_01/run_7/exp_tomato_20260917_065053_358808.txt,3a94ece9e2a350e4f71d6e232aa2698eef92327fc17c03fcefcbea597ef538f6,tomato,200,01
experiments_logs/n_simulations/20260917_065010_2044001/tomato/sim_50/scene_01/run_8/exp_tomato_20260917_065054_437326.txt,c35702b474223311c30217fcf943944d34edc34e9435efc582d5a3c181f8cacb,tomato,50,01
experiments_logs/n_simulations/20260917_065010_2044001/tomato/sim_100/scene_01/run_8/exp_tomato_20260917_065056_296112.txt,0cd257fc7f4aa50663d064fb16c80787427a8a8a002ce832b3c1dfc3fcbf0211,tomato,100,01
experiments_logs/n_simulations/20260917_065010_2044001/tomato/sim_200/scene_01/run_8/exp_tomato_20260917_065059_825099.txt,ec120d7e0c7b0e8efbae9096ac7554a17cc3b7a5603bd6eaa27aaae223348727,tomato,200,01
experiments_logs/n_simulations/20260917_065010_2044001/tomato/sim_50/scene_01/run_9/exp_tomato_20260917_065100_741774.txt,31f3ed9236f894c84e4ddbcf8f206f0da3f7816e2b3014031ca6f1cf3070db13,tomato,50,01
experiments_logs/n_simulations/20260917_065010_2044001/tomato/sim_100/scene_01/run_9/exp_tomato_20260917_065102_878042.txt,4675000ca3c4ba04627ebbd49a61fc86b5b852f54a82e4b459128784610d7c29,tomato,100,01
experiments_logs/n_simulations/20260917_065010_2044001/tomato/sim_200/scene_01/run_9/exp_tomato_20260917_065106_308180.txt,d84b6dd5aa918f33a4fdbd6fa8dbc7759a7ed72dd80d742d394111aa8fe9c2f6,tomato,200,01
experiments_logs/n_simulations/20260917_065010_2044001/tomato/sim_50/scene_01/run_10/exp_tomato_20260917_065111_135771.txt,e4c276c0ba231cbaa574febb1fcb76c9be166fd8457f3c3a96f857df9c484127,tomato,50,01
experiments_logs/n_simulations/20260917_065010_2044001/tomato/sim_100/scene_01/run_10/exp_tomato_20260917_065112_917677.txt,7ae51f1e8fcb2000c28958c282a212ae934604a0a0095c946a8d1816f3fe8e4f,tomato,100,01
experiments_logs/n_simulations/20260917_065010_2044001/tomato/sim_200/scene_01/run_10/exp_tomato_20260917_065116_379193.txt,02ce6202f6f96879d22710496009a2bad7e658a2ece1e5c3293150b202cf6330,tomato,200,01
experiments_logs/n_simulations/20260917_065010_2044001/tomato/sim_50/scene_02/run_1/exp_tomato_20260917_065117_271834.txt,1e5be53e55ca17692e5c86870a1e272fbc540d4e530006a271ab0653405c0549,tomato,50,02
experiments_logs/n_simulations/20260917_065010_2044001/tomato/sim_100/scene_02/run_1/exp_tomato_20260917_065118_964319.txt,29023c3afe978591dfbde246c0f24edbae27f785b7982927e52a475c5486c087,tomato,100,02
experiments_logs/n_simulations/20260917_065010_2044001/tomato/sim_200/scene_02/run_1/exp_tomato_20260917_065122_501679.txt,d57303e78ada97a733db45a765b8bc23a23362ec2ba03ca0e84674e002f19e97,tomato,200,02
experiments_logs/n_simulations/20260917_065010_2044001/tomato/sim_50/scene_02/run_2/exp_tomato_20260917_065123_404839.txt,6a7e0e22814226fcb8c87da446e0a69bca8c123b57a8389cd7b065c0d6270002,tomato,50,02
experiments_logs/n_simulations/20260917_065010_2044001/tomato/sim_100/scene_02/run_2/exp_tomato_20260917_065125_190087.txt,758d0b6ce9a50023a424cfa79e25c9bd60487ef250fe579a1eeb42ee4a1c874b,tomato,100,02
experiments_logs/n_simulations/20260917_065010_2044001/tomato/sim_200/scene_02/run_2/exp_tomato_20260917_065128_687586.txt,db69422f403de2fc418097cb70842f5d149c24088f9684d35ab537dd20fb0b54,tomato,200,02
experiments_logs/n_simulations/20260917_065010_2044001/tomato/sim_50/scene_02/run_3/exp_tomato_20260917_065129_893968.txt,dff6066ffd84358c4f07c2d7647effdf9597dc4cf5ecf1a7292a608a84c5a497,tomato,50,02
experiments_logs/n_simulations/20260917_065010_2044001/tomato/sim_100/scene_02/run_3/exp_tomato_20260917_065132_190023.txt,cb67d5593da1ded45cd91bc2e0ec07a30bea006b817c91a55f7126ef291842e3,tomato,100,02
experiments_logs/n_simulations/20260917_065010_2044001/tomato/sim_200/scene_02/run_3/exp_tomato_20260917_065135_693955.txt,ae10f29623ba8eb9b156e76154a13213aa0b6452d7421dc56cc082320bfba616,tomato,200,02
experiments_logs/n_simulations/20260917_065010_2044001/tomato/sim_50/scene_02/run_4/exp_tomato_20260917_065136_592134.txt,c88941ba5141f33c9bb7eab7027a91c22905638824170534aff2dd736f4237fe,tomato,50,02
experiments_logs/n_simulations/20260917_065010_2044001/tomato/sim_100/scene_02/run_4/exp_tomato_20260917_065138_352294.txt,a361fc6a48113216739a606df0b7d52acff8addebb8a3e278a10648a0ba67870,tomato,100,02
experiments_logs/n_simulations/20260917_065010_2044001/tomato/sim_200/scene_02/run_4/exp_tomato_20260917_065141_879357.txt,db4234f82cd09469c7d18d0dcf4cb16d950ade36fb4cd4f44de2640b13e3d93a,tomato,200,02
experiments_logs/n_simulations/20260917_065010_2044001/tomato/sim_50/scene_02/run_5/exp_tomato_20260917_065142_781709.txt,46423d06fe7c307a30da96396048cfb5983c45f6985a8dcae0faa9317177d66d,tomato,50,02
experiments_logs/n_simulations/20260917_065010_2044001/tomato/sim_100/scene_02/run_5/exp_tomato_20260917_065144_483292.txt,991a6c50379acaa2cf2d3114ed69910067f80b940406fc64262d652aecc1f5fe,tomato,100,02
experiments_logs/n_simulations/20260917_065010_2044001/tomato/sim_200/scene_02/run_5/exp_tomato_20260917_065155_624778.txt,c681d201049f0eea96197f4d8bd1bae044288d7ee58e786c8c4377b10fc3b272,tomato,200,02
experiments_logs/n_simulations/20260917_065010_2044001/tomato/sim_50/scene_02/run_6/exp_tomato_20260917_065156_467841.txt,0028a28616066a5b095a82e5597e307be110e919d3066b0dfb6d80f23056e5e7,tomato,50,02
experiments_logs/n_simulations/20260917_065010_2044001/tomato/sim_100/scene_02/run_6/exp_tomato_20260917_065158_140524.txt,77f77c8090a310b8d03ba751661dcfe09a6a0107755148f9ab3278172b784d0e,tomato,100,02
experiments_logs/n_simulations/20260917_065010_2044001/tomato/sim_200/scene_02/run_6/exp_tomato_20260917_065219_886828.txt,8ff763e648d43dedca04ca7c866516fdeec531f5e539ac124acca7cfed9ad6a5,tomato,200,02
experiments_logs/n_simulations/20260917_065010_2044001/tomato/sim_50/scene_02/run_7/exp_tomato_20260917_065220_788006.txt,ec26a5d6aee4c9beb35b291749332d96576bef934ad4b27fdba161b816ddae5d,tomato,50,02
experiments_logs/n_simulations/20260917_065010_2044001/tomato/sim_100/scene_02/run_7/exp_tomato_20260917_065222_507910.txt,6b6ab55161f1d70a419d9e6ef0ae0ff4454186a78f1e0bb1bf05a5b20f17e5fe,tomato,100,02
experiments_logs/n_simulations/20260917_065010_2044001/tomato/sim_200/scene_02/run_7/exp_tomato_20260917_065225_993526.txt,1248f7e1f44209431fc272c836e680b0f9fd4d02e8f96d8a3daef1e4e9952d0b,tomato,200,02
experiments_logs/n_simulations/20260917_065010_2044001/tomato/sim_50/scene_02/run_8/exp_tomato_20260917_065226_937568.txt,1a8f31f11dbf0c8aa959c22f78df18f8fc454faba86335518107eb563a884d5a,tomato,50,02
experiments_logs/n_simulations/20260917_065010_2044001/tomato/sim_100/scene_02/run_8/exp_tomato_20260917_065228_739077.txt,fb08057159c607d44132725e67d61d3086bc42de0db7deb2ad5058c54a058d0d,tomato,100,02
experiments_logs/n_simulations/20260917_065010_2044001/tomato/sim_200/scene_02/run_8/exp_tomato_20260917_065231_665968.txt,87480f867def35d875fd80d960723f67a69ba9d6ec5b9642d85d6cf83888f623,tomato,200,02
experiments_logs/n_simulations/20260917_065010_2044001/tomato/sim_50/scene_02/run_9/exp_tomato_20260917_065232_595938.txt,6e5bd16a983887042761995cc5d596a55853cb5e005b0103b02a3fe8e005ae1a,tomato,50,02
experiments_logs/n_simulations/20260917_065010_2044001/tomato/sim_100/scene_02/run_9/exp_tomato_20260917_065239_701332.txt,2139a6c1fe7b9b618c230d80af784ae462af3e6b90218abf543bef4cf838bc2a,tomato,100,02
experiments_logs/n_simulations/20260917_065010_2044001/tomato/sim_200/scene_02/run_9/exp_tomato_20260917_065243_581227.txt,485bf7fa31e27c4e9d6ba35170591c1706f5052a2b0e951bf49410b6f75d4d21,tomato,200,02
experiments_logs/n_simulations/20260917_065010_2044001/tomato/sim_50/scene_02/run_10/exp_tomato_20260917_065244_473627.txt,83a8e7c104f550a4f20989cbee4b3b19708b1f667e263b4525ad82a758d4e1aa,tomato,50,02
experiments_logs/n_simulations/20260917_065010_2044001/tomato/sim_100/scene_02/run_10/exp_tomato_20260917_065246_228919.txt,2aee161c085c71bf5b360e8c7b3ffd60dbeebaca7ac9c83be70ae027d25fa634,tomato,100,02
experiments_logs/n_simulations/20260917_065010_2044001/tomato/sim_200/scene_02/run_10/exp_tomato_20260917_065249_798669.txt,e9512f3d9207db4f8f267b1cc667329ce44efa44f7fdfd0c1836f72d873e4631,tomato,200,02
experiments_logs/n_simulations/20260917_065010_2044001/tomato/sim_50/scene_03/run_1/exp_tomato_20260917_065250_882346.txt,33dfa552d95d8e4ca902100259d1e9e55ae7fc44fad43be153fa51142dda8732,tomato,50,03
experiments_logs/n_simulations/20260917_065010_2044001/tomato/sim_100/scene_03/run_1/exp_tomato_20260917_065252_551889.txt,3f90b544e992bab324dfa8f6b32ffa4ae24e54c61ed043a16813f44ba0805596,tomato,100,03
experiments_logs/n_simulations/20260917_065010_2044001/tomato/sim_200/scene_03/run_1/exp_tomato_20260917_065256_068735.txt,db5f47db7391d0de6e9eb2e7fc8e1c765455198044bd5b4a0976acc13ca27b47,tomato,200,03
experiments_logs/n_simulations/20260917_065010_2044001/tomato/sim_50/scene_03/run_2/exp_tomato_20260917_065256_934000.txt,d83405479b6a07d94330f833542dc18dd7bad602c687a9616ca3d090984bddec,tomato,50,03
experiments_logs/n_simulations/20260917_065010_2044001/tomato/sim_100/scene_03/run_2/exp_tomato_20260917_065258_725684.txt,0c10d4fbdb240314d4a9010479a7e2ce15e0bf903427b598f23234a8e0fad953,tomato,100,03
experiments_logs/n_simulations/20260917_065010_2044001/tomato/sim_200/scene_03/run_2/exp_tomato_20260917_065302_177886.txt,390b42a3f3241a1162dce9db08fd0c42c4b4d02a46edd36c41a9cc169deffbb0,tomato,200,03
experiments_logs/n_simulations/20260917_065010_2044001/tomato/sim_50/scene_03/run_3/exp_tomato_20260917_065303_082583.txt,fbed396545464366d021f2dac31e876a754b63014530237cf6b186890792847a,tomato,50,03
experiments_logs/n_simulations/20260917_065010_2044001/tomato/sim_100/scene_03/run_3/exp_tomato_20260917_065305_144305.txt,d8473df08c9244f891a34f6f4bb93e3cd8b03c502e7e27fd3f0415b4b73ec58a,tomato,100,03
experiments_logs/n_simulations/20260917_065010_2044001/tomato/sim_200/scene_03/run_3/exp_tomato_20260917_065308_495407.txt,2f0f2f9fe22f3bb2dce5df3736f2744377fa9e30a69c3221afd381d2b8f0fd18,tomato,200,03
experiments_logs/n_simulations/20260917_065010_2044001/tomato/sim_50/scene_03/run_4/exp_tomato_20260917_065309_416010.txt,798bf5a276605a467bf2fb2b8c8c3472488e233565d5b984b6179c39b4c0c56c,tomato,50,03
experiments_logs/n_simulations/20260917_065010_2044001/tomato/sim_100/scene_03/run_4/exp_tomato_20260917_065313_529341.txt,18e7d7100c40f171c8b3dc80db53f64d5bd7c575adc90fa557ed1a078dcce15d,tomato,100,03
experiments_logs/n_simulations/20260917_065010_2044001/tomato/sim_200/scene_03/run_4/exp_tomato_20260917_065317_022438.txt,9ebda8aa4eea8ddde384e2212b5eb577f570aec621df1abd44bdfba01b5e983b,tomato,200,03
experiments_logs/n_simulations/20260917_065010_2044001/tomato/sim_50/scene_03/run_5/exp_tomato_20260917_065322_025285.txt,c4c198660d81daf742205a21d78139dfe28d5ed8ab29f018e028beef7d6b1783,tomato,50,03
experiments_logs/n_simulations/20260917_065010_2044001/tomato/sim_100/scene_03/run_5/exp_tomato_20260917_065323_822738.txt,6144825100f7eedd49de11a916a7d3a56fb10254b3dcba14b77b42ff22d1b26a,tomato,100,03
experiments_logs/n_simulations/20260917_065010_2044001/tomato/sim_200/scene_03/run_5/exp_tomato_20260917_065327_327479.txt,f16db11e3f905f76bcb6935787581d2ba6edaa5af67de5158ce8146858f65bd3,tomato,200,03
experiments_logs/n_simulations/20260917_065010_2044001/tomato/sim_50/scene_03/run_6/exp_tomato_20260917_065328_213673.txt,2959632b4e8cf13aed16c9651890efc27f352f878b6691aa7bb6b15edf88f104,tomato,50,03
experiments_logs/n_simulations/20260917_065010_2044001/tomato/sim_100/scene_03/run_6/exp_tomato_20260917_065329_810015.txt,7b171ac1499c036eecb9567ee5b3b87d44f6bbc1f172e80f4a28f192cb03d142,tomato,100,03
experiments_logs/n_simulations/20260917_065010_2044001/tomato/sim_200/scene_03/run_6/exp_tomato_20260917_065333_224135.txt,159c9056b95ae86f400cf799fdf02f1e02453f0f1d22124cd85dea9a06af357c,tomato,200,03
experiments_logs/n_simulations/20260917_065010_2044001/tomato/sim_50/scene_03/run_7/exp_tomato_20260917_065338_462321.txt,92bf91e9a9091f85d562f2aafe46907650a1cb02518cf84bb189eaa58c26c015,tomato,50,03
experiments_logs/n_simulations/20260917_065010_2044001/tomato/sim_100/scene_03/run_7/exp_tomato_20260917_065340_265696.txt,cf49f2bd32b8e3883a8f7b8ab5a0d219913b38485f5848ac6daf0362c9679504,tomato,100,03
experiments_logs/n_simulations/20260917_065010_2044001/tomato/sim_200/scene_03/run_7/exp_tomato_20260917_065343_799648.txt,0f0f80896869855b4e215985e8f6532e586144da5bfa00927821302bae912971,tomato,200,03
experiments_logs/n_simulations/20260917_065010_2044001/tomato/sim_50/scene_03/run_8/exp_tomato_20260917_065344_678607.txt,a48e28fb1a2cb38a975aa7055eb289b661e92242e3a0194e3993a20d93e82be5,tomato,50,03
experiments_logs/n_simulations/20260917_065010_2044001/tomato/sim_100/scene_03/run_8/exp_tomato_20260917_065347_254138.txt,1312c76a902530e777a582fa7c0731b2bf4809f69a67e1bea03e2d86fadcf306,tomato,100,03
experiments_logs/n_simulations/20260917_065010_2044001/tomato/sim_200/scene_03/run_8/exp_tomato_20260917_065351_131580.txt,72d5a9e969f33ad62acc58264dd9c60936ec3f4c14a0c773af933b149eb8be81,tomato,200,03
experiments_logs/n_simulations/20260917_065010_2044001/tomato/sim_50/scene_03/run_9/exp_tomato_20260917_065352_244637.txt,3ebdbfcddf71bfca0f263fec95a5edbc61286021e487901f0ed7060681d35ade,tomato,50,03
experiments_logs/n_simulations/20260917_065010_2044001/tomato/sim_100/scene_03/run_9/exp_tomato_20260917_065354_457333.txt,62baf66e474121444f5ea3b2e35ce434071e8fac8f23bef4e0323571290231dd,tomato,100,03
experiments_logs/n_simulations/20260917_065010_2044001/tomato/sim_200/scene_03/run_9/exp_tomato_20260917_065357_522749.txt,e311f8557dfe251325ddb1b01f3a698407b02aa46b694a0db529dc777f18d798,tomato,200,03
experiments_logs/n_simulations/20260917_065010_2044001/tomato/sim_50/scene_03/run_10/exp_tomato_20260917_065358_405205.txt,1f92db175b8e522f48d0f5f292894e8fc9790e3791bc84517c351b4e786a6fc7,tomato,50,03
experiments_logs/n_simulations/20260917_065010_2044001/tomato/sim_100/scene_03/run_10/exp_tomato_20260917_065400_129479.txt,2f682619293d1fd262724aa5a206ac571d188dcc3b07b12d5904223ae62a5864,tomato,100,03
experiments_logs/n_simulations/20260917_065010_2044001/tomato/sim_200/scene_03/run_10/exp_tomato_20260917_065403_648625.txt,55515b6ac587a0da14169e1f7d63cb3f77e681289627376064a31f6b9a87524d,tomato,200,03
experiments_logs/n_simulations/20260917_065010_2044001/tomato/sim_50/scene_04/run_1/exp_tomato_20260917_065404_572572.txt,9c2ec04b18147d9ea753244e55ea1eea910bff1a26a2fe6c7ce500db9573ddf5,tomato,50,04
experiments_logs/n_simulations/20260917_065010_2044001/tomato/sim_100/scene_04/run_1/exp_tomato_20260917_065406_258456.txt,f5744cf0d1b0878e94302afb14675b848994163b61621b84dcc8eb1759c95928,tomato,100,04
experiments_logs/n_simulations/20260917_065010_2044001/tomato/sim_200/scene_04/run_1/exp_tomato_20260917_065409_718751.txt,eafc2cb05e6cc59f6b5233946169ade0314b5fabeb1540523f479d79180c5c38,tomato,200,04
experiments_logs/n_simulations/20260917_065010_2044001/tomato/sim_50/scene_04/run_2/exp_tomato_20260917_065414_932069.txt,ffc3e27e14684e020197b162149111d79b9dbecc6327f030f7d5e067ecebfc68,tomato,50,04
experiments_logs/n_simulations/20260917_065010_2044001/tomato/sim_100/scene_04/run_2/exp_tomato_20260917_065416_666680.txt,4d67f05bed10ac1f2f7285aa045ce0c7065e2d6d747e578056e79984053ee606,tomato,100,04
experiments_logs/n_simulations/20260917_065010_2044001/tomato/sim_200/scene_04/run_2/exp_tomato_20260917_065420_050138.txt,60223331642ee2c1e04a863d7882e48c8ea5231d93518bbd347ecdc7f513b5d8,tomato,200,04
experiments_logs/n_simulations/20260917_065010_2044001/tomato/sim_50/scene_04/run_3/exp_tomato_20260917_065425_200852.txt,7b47eb7b104370ed33827a7c3490869e013ef1e88b39eb33e70674df08f9586a,tomato,50,04
experiments_logs/n_simulations/20260917_065010_2044001/tomato/sim_100/scene_04/run_3/exp_tomato_20260917_065426_953758.txt,c1e9acdd5029e4e3eec12e366427f960ca09aa09c307cddd218268d3647cd96a,tomato,100,04
experiments_logs/n_simulations/20260917_065010_2044001/tomato/sim_200/scene_04/run_3/exp_tomato_20260917_065430_395602.txt,084095e873517c73130d72c51c9167857de0fcbb62ad605d68bf3c7c49745e34,tomato,200,04
experiments_logs/n_simulations/20260917_065010_2044001/tomato/sim_50/scene_04/run_4/exp_tomato_20260917_065431_488156.txt,ff7e1061e2d98edb687f49aa06304f48b43d6580ae9e59bc768543d7cf560883,tomato,50,04
experiments_logs/n_simulations/20260917_065010_2044001/tomato/sim_100/scene_04/run_4/exp_tomato_20260917_065433_308736.txt,2ea8351aafb6fd01ba7156cb0c0702fdbe3150f7e70678eaf484a7946409c344,tomato,100,04
experiments_logs/n_simulations/20260917_065010_2044001/tomato/sim_200/scene_04/run_4/exp_tomato_20260917_065436_818092.txt,933b273db99a4f287822731c1f7e4eda4c8fe9d8b07666ae92431779eef5b874,tomato,200,04
experiments_logs/n_simulations/20260917_065010_2044001/tomato/sim_50/scene_04/run_5/exp_tomato_20260917_065437_718832.txt,5b895eb853e4237062bb6fd88d22a6ea32293e139adc7b086cb85736220165ee,tomato,50,04
experiments_logs/n_simulations/20260917_065010_2044001/tomato/sim_100/scene_04/run_5/exp_tomato_20260917_065439_457032.txt,f910408d8200b55d3f92a27b6f3eeec086e4a1b6a61dfb3b8afc4cab91a35552,tomato,100,04
experiments_logs/n_simulations/20260917_065010_2044001/tomato/sim_200/scene_04/run_5/exp_tomato_20260917_065443_027331.txt,0d8a24f2c1c57da878e122589500f4720b835b0772857d2c2326aae954684030,tomato,200,04
experiments_logs/n_simulations/20260917_065010_2044001/tomato/sim_50/scene_04/run_6/exp_tomato_20260917_065444_014581.txt,13e69fa8cb9e195d8a8c415a7d183b75e56c7aa12c8972186dc7badaa23c3f71,tomato,50,04
experiments_logs/n_simulations/20260917_065010_2044001/tomato/sim_100/scene_04/run_6/exp_tomato_20260917_065449_268579.txt,bf9771ad97125376ff69948384f52391df23e96d5b5b6f41eac6cb9a8a636943,tomato,100,04
experiments_logs/n_simulations/20260917_065010_2044001/tomato/sim_200/scene_04/run_6/exp_tomato_20260917_065452_703938.txt,37709907467a12c7baefa0ebdcac792f6559ce75983b55e426199a4fa54fef40,tomato,200,04
experiments_logs/n_simulations/20260917_065010_2044001/tomato/sim_50/scene_04/run_7/exp_tomato_20260917_065453_658439.txt,12b6ecc3c05d65eab55c54342d8e91393406d3e3a8c09f610af9fe50b8210e03,tomato,50,04
experiments_logs/n_simulations/20260917_065010_2044001/tomato/sim_100/scene_04/run_7/exp_tomato_20260917_065455_436663.txt,e7e1a582917c13e9375ce7f784c96cbb205fb6e54533cc338f2cc9a96d3d33e3,tomato,100,04
experiments_logs/n_simulations/20260917_065010_2044001/tomato/sim_200/scene_04/run_7/exp_tomato_20260917_065458_927766.txt,481788db5aa9603c1807272a83ce460ba8d5169401ce94dc57792f970f204657,tomato,200,04
experiments_logs/n_simulations/20260917_065010_2044001/tomato/sim_50/scene_04/run_8/exp_tomato_20260917_065459_949225.txt,d9e573bf0603389df52d38cb3504f024642d9b2b21ef73d422975cff4dea4165,tomato,50,04
experiments_logs/n_simulations/20260917_065010_2044001/tomato/sim_100/scene_04/run_8/exp_tomato_20260917_065501_576615.txt,8864a528d064d96f58f47c49823dc6659d683de00f30b3030c23e58377ae5055,tomato,100,04
experiments_logs/n_simulations/20260917_065010_2044001/tomato/sim_200/scene_04/run_8/exp_tomato_20260917_065505_166865.txt,2cbdf30275ff5329859d4c6c154b0c7e3bce1c77b20cafb029f9ecba4cc6298f,tomato,200,04
experiments_logs/n_simulations/20260917_065010_2044001/tomato/sim_50/scene_04/run_9/exp_tomato_20260917_065506_095538.txt,44f1e2e6db6f15e4bb71611752aaa2651fecfdb8687be7fba6906508cfc2f5e0,tomato,50,04
experiments_logs/n_simulations/20260917_065010_2044001/tomato/sim_100/scene_04/run_9/exp_tomato_20260917_065507_898894.txt,512e0f3592c2a838a86d07d46fc5bda4257b5075681e66a2224e33af32ef5083,tomato,100,04
experiments_logs/n_simulations/20260917_065010_2044001/tomato/sim_200/scene_04/run_9/exp_tomato_20260917_065511_346270.txt,d4c72752ba3530a92eb92f3cbab170330e61b9d09f5b898f3740047a311a229f,tomato,200,04
experiments_logs/n_simulations/20260917_065010_2044001/tomato/sim_50/scene_04/run_10/exp_tomato_20260917_065512_225849.txt,e88b3918711992a72025a0df0470dacd903aeaedf7d470c17fcb11fd9eb8b69a,tomato,50,04
experiments_logs/n_simulations/20260917_065010_2044001/tomato/sim_100/scene_04/run_10/exp_tomato_20260917_065513_994273.txt,62ae7a99f1db6578b58e289aeb91b811825a5919be256c3ad20015c260275da2,tomato,100,04
experiments_logs/n_simulations/20260917_065010_2044001/tomato/sim_200/scene_04/run_10/exp_tomato_20260917_065517_511396.txt,21066c107a9b62312b2ebbdf8dd9b51fe24aa1bbd8940084c1bbdf86f9194b35,tomato,200,04
experiments_logs/n_simulations/20260917_065010_2044001/tomato/sim_50/scene_05/run_1/exp_tomato_20260917_065519_843643.txt,a7767193bd27d503be828c920bd32e4390a2aec2a0c73c1e7551d2a44b61a73a,tomato,50,05
experiments_logs/n_simulations/20260917_065010_2044001/tomato/sim_100/scene_05/run_1/exp_tomato_20260917_065521_606706.txt,10279906af552abbebcce2242c49364e058d1359f6e8a64b662a3e84f9699087,tomato,100,05
experiments_logs/n_simulations/20260917_065010_2044001/tomato/sim_200/scene_05/run_1/exp_tomato_20260917_065525_171700.txt,0293df498b3ebefd596dcb15c130b974e8a255db609dd6e48ef33b50eade8f04,tomato,200,05
experiments_logs/n_simulations/20260917_065010_2044001/tomato/sim_50/scene_05/run_2/exp_tomato_20260917_065526_500937.txt,7b8c3e44de71eb690bde29727350631ecf793de0e0de6da61d639b80725ffbe6,tomato,50,05
experiments_logs/n_simulations/20260917_065010_2044001/tomato/sim_100/scene_05/run_2/exp_tomato_20260917_065528_676477.txt,087322db470b6b0aee0cc995a27e6fc8c69dfa7029c0e12b0584808700e43229,tomato,100,05
experiments_logs/n_simulations/20260917_065010_2044001/tomato/sim_200/scene_05/run_2/exp_tomato_20260917_065531_806152.txt,7bee97d2d0275af5ddf99e04ac8ae1a23978632d7a26b61b977d4b91f3fc1778,tomato,200,05
experiments_logs/n_simulations/20260917_065010_2044001/tomato/sim_50/scene_05/run_3/exp_tomato_20260917_065532_706777.txt,b48d2ff41372c3ade0079538b45f002d87c611795b7b5a915b06db3f667bccbc,tomato,50,05
experiments_logs/n_simulations/20260917_065010_2044001/tomato/sim_100/scene_05/run_3/exp_tomato_20260917_065534_585538.txt,7f7368a5d1f7346c82a538433cf4605aeee960c624d0a906e74ea5a71c523eb3,tomato,100,05
experiments_logs/n_simulations/20260917_065010_2044001/tomato/sim_200/scene_05/run_3/exp_tomato_20260917_065538_050354.txt,807a1ad6d39a28def9af691390f8a7b0940ae04ff4cdee408edde7943aee6a79,tomato,200,05
experiments_logs/n_simulations/20260917_065010_2044001/tomato/sim_50/scene_05/run_4/exp_tomato_20260917_065538_977409.txt,6962fba49e9ac78799d811fd6c6d71b51d451eb2438b70bc4ff770aa67287803,tomato,50,05
experiments_logs/n_simulations/20260917_065010_2044001/tomato/sim_100/scene_05/run_4/exp_tomato_20260917_065540_675290.txt,061586dfe3476fc4dc0a31aaa5488f3a1e64775aa5a7300e3f4792879471f159,tomato,100,05
experiments_logs/n_simulations/20260917_065010_2044001/tomato/sim_200/scene_05/run_4/exp_tomato_20260917_065543_778279.txt,d7ead414d28d08d909a373c290e271afdbd50da6adbe47f5e200135cc3272e69,tomato,200,05
experiments_logs/n_simulations/20260917_065010_2044001/tomato/sim_50/scene_05/run_5/exp_tomato_20260917_065548_790093.txt,2f7a371efdc0bf2d575a6ccb98d4d400d30d052baed919323cbee7c6d903efff,tomato,50,05
experiments_logs/n_simulations/20260917_065010_2044001/tomato/sim_100/scene_05/run_5/exp_tomato_20260917_065550_628369.txt,1ad10a8073159de80ccb01b73e2b83f77eb46304f939a0195b7eeaa8dd6dc22e,tomato,100,05
experiments_logs/n_simulations/20260917_065010_2044001/tomato/sim_200/scene_05/run_5/exp_tomato_20260917_065555_971218.txt,ba1f12dedb65420117dca91baa3f2845e1b192cff892fbb5654c0db15064f98a,tomato,200,05
experiments_logs/n_simulations/20260917_065010_2044001/tomato/sim_50/scene_05/run_6/exp_tomato_20260917_065556_940418.txt,6cc71d9da5b78d1cc6f0311a3610f9c74f65acc70fad3a42437696136875e2bb,tomato,50,05
experiments_logs/n_simulations/20260917_065010_2044001/tomato/sim_100/scene_05/run_6/exp_tomato_20260917_065558_744819.txt,4f461240711d30f0209ed96d0abbcc40e28010272fe03a5710ce487f70c37ddb,tomato,100,05
experiments_logs/n_simulations/20260917_065010_2044001/tomato/sim_200/scene_05/run_6/exp_tomato_20260917_065602_158129.txt,326070130c6fbf14da82db1441fb7689e5ca9ecdc3f6b0e70f7f3445023a261f,tomato,200,05
experiments_logs/n_simulations/20260917_065010_2044001/tomato/sim_50/scene_05/run_7/exp_tomato_20260917_065603_111105.txt,885b3f1aabbcf0a15a03ad84b0b1f270c8e292d316fee69d8e5df03045533497,tomato,50,05
experiments_logs/n_simulations/20260917_065010_2044001/tomato/sim_100/scene_05/run_7/exp_tomato_20260917_065607_230997.txt,b4408c10a073bdde7f63739f7ddb965c2040e856e4513914e09be34fa818c64a,tomato,100,05
experiments_logs/n_simulations/20260917_065010_2044001/tomato/sim_200/scene_05/run_7/exp_tomato_20260917_065612_593989.txt,f06b7d8428c4088746b12256adb50227631651972609eb9f70ff4c81911cab43,tomato,200,05
experiments_logs/n_simulations/20260917_065010_2044001/tomato/sim_50/scene_05/run_8/exp_tomato_20260917_065613_517514.txt,6e37e92d010235935069a83680cb5588d2c2bf663dce2683add8bdae1bffa1f7,tomato,50,05
experiments_logs/n_simulations/20260917_065010_2044001/tomato/sim_100/scene_05/run_8/exp_tomato_20260917_065615_394803.txt,1bbfd9de27b88dd8ce20f01885a5ba2cdc07cf9f551655fede1d0595d56c30a2,tomato,100,05
experiments_logs/n_simulations/20260917_065010_2044001/tomato/sim_200/scene_05/run_8/exp_tomato_20260917_065618_749674.txt,d0ee10a5302a223f9c55934c12c4fa2a91eb090c103d6c19fcf65a0cac02a122,tomato,200,05
experiments_logs/n_simulations/20260917_065010_2044001/tomato/sim_50/scene_05/run_9/exp_tomato_20260917_065619_860014.txt,d95be824424b5e70c90408dab6b34b98c741b553802be21b028292c2e43ec218,tomato,50,05
experiments_logs/n_simulations/20260917_065010_2044001/tomato/sim_100/scene_05/run_9/exp_tomato_20260917_065621_692866.txt,bacf33b3e410985f99411a99f36a90efd4fd32edfe9564c86ef9f9f3c36fd9a5,tomato,100,05
experiments_logs/n_simulations/20260917_065010_2044001/tomato/sim_200/scene_05/run_9/exp_tomato_20260917_065624_799381.txt,0863002f052402a4a1944c95f67de80a5e506ceac3a943bb9346f30db2022ed4,tomato,200,05
experiments_logs/n_simulations/20260917_065010_2044001/tomato/sim_50/scene_05/run_10/exp_tomato_20260917_065625_811303.txt,dcbc553dd291ad3388f9b6a4d23a6c12eae84952c6182ff3998e64247d53f4ac,tomato,50,05
experiments_logs/n_simulations/20260917_065010_2044001/tomato/sim_100/scene_05/run_10/exp_tomato_20260917_065627_955386.txt,682c50309a7c45b809a09552d6fd9d7a2b6038610c21815855ebbc84fc5404f6,tomato,100,05
experiments_logs/n_simulations/20260917_065010_2044001/tomato/sim_200/scene_05/run_10/exp_tomato_20260917_065631_394888.txt,d826821eab2d4504163ae47f1138ae35cd96d973a25e147762d6a004cab02d95,tomato,200,05
experiments_logs/n_simulations/20260917_065010_2044001/wastesorting/sim_50/scene_01/run_1/exp_wastesorting_20260917_065632_061783.txt,2b8379a8fa98056c061e6c9b383e7fca5fd2bb3b23382ee33ce458579d875ecd,wastesorting,50,01
experiments_logs/n_simulations/20260917_065010_2044001/wastesorting/sim_100/scene_01/run_1/exp_wastesorting_20260917_065633_208616.txt,b7c146a755fc24f3c35dd6af0c3f1f5acaa8ce002ae96e9a3f61c741e07bfa8e,wastesorting,100,01
experiments_logs/n_simulations/20260917_065010_2044001/wastesorting/sim_200/scene_01/run_1/exp_wastesorting_20260917_065635_185758.txt,a4b4c9d87c1a2bd4dfc15b6f1484a62d58b138f6094521ae32a21c175b5bc0c2,wastesorting,200,01
experiments_logs/n_simulations/20260917_065010_2044001/wastesorting/sim_50/scene_01/run_2/exp_wastesorting_20260917_065635_854368.txt,18c07872239a28a86a4610cf268564f69740a30476c1d7c158c44a89d3da3af8,wastesorting,50,01
experiments_logs/n_simulations/20260917_065010_2044001/wastesorting/sim_100/scene_01/run_2/exp_wastesorting_20260917_065637_017703.txt,e0f03c19260285930dfab48be162b7e0a8d5242494ee5d859571deb70e6c4fc1,wastesorting,100,01
experiments_logs/n_simulations/20260917_065010_2044001/wastesorting/sim_200/scene_01/run_2/exp_wastesorting_20260917_065639_088408.txt,3d539d92462495a8388bbeb50615507504b2173f68e12dda306d2fac28292e3d,wastesorting,200,01
experiments_logs/n_simulations/20260917_065010_2044001/wastesorting/sim_50/scene_01/run_3/exp_wastesorting_20260917_065639_743049.txt,4efd7aea353ba9d1cde3411d4602bfb2ecec1cb96287463d380f5a16151bec62,wastesorting,50,01
experiments_logs/n_simulations/20260917_065010_2044001/wastesorting/sim_100/scene_01/run_3/exp_wastesorting_20260917_065640_964892.txt,d3b87f8de4bc8d133dd6273f7fd4b27abbe4a8cfede1c23808be3f86b82b058e,wastesorting,100,01
experiments_logs/n_simulations/20260917_065010_2044001/wastesorting/sim_200/scene_01/run_3/exp_wastesorting_20260917_065643_140163.txt,1024a38bca736c38decff64672c2e9fbfaf12be22944745677f1db3049225f70,wastesorting,200,01
experiments_logs/n_simulations/20260917_065010_2044001/wastesorting/sim_50/scene_01/run_4/exp_wastesorting_20260917_065643_809716.txt,27e40dc52d216925e679573c23f31dc399df9e79b3733d884ddd5292730e1229,wastesorting,50,01
experiments_logs/n_simulations/20260917_065010_2044001/wastesorting/sim_100/scene_01/run_4/exp_wastesorting_20260917_065644_939531.txt,5cf1c4b4bd1873c073345c78a75cb45b78ef2993e4d0d5b191f71ac62684d973,wastesorting,100,01
experiments_logs/n_simulations/20260917_065010_2044001/wastesorting/sim_200/scene_01/run_4/exp_wastesorting_20260917_065646_993973.txt,ab2f8428c9eb261844f4f8514efb3a9d966b0cad8e6ff303c34d52807cc29371,wastesorting,200,01
experiments_logs/n_simulations/20260917_065010_2044001/wastesorting/sim_50/scene_01/run_5/exp_wastesorting_20260917_065647_671534.txt,605de6bc221bc02f248465d70e7dec5e0aa9587c842ea6445fe9ce4fb99642e6,wastesorting,50,01
experiments_logs/n_simulations/20260917_065010_2044001/wastesorting/sim_100/scene_01/run_5/exp_wastesorting_20260917_065648_795748.txt,7d5e21443b15614aa176d0d44637775c12c4e2ade4edcc6ac08aecf0866e8799,wastesorting,100,01
experiments_logs/n_simulations/20260917_065010_2044001/wastesorting/sim_200/scene_01/run_5/exp_wastesorting_20260917_065650_887632.txt,6d5b8f17371835fc15231e04828643ce52a18d5b27bddd01b508369c7b18a745,wastesorting,200,01
experiments_logs/n_simulations/20260917_065010_2044001/wastesorting/sim_50/scene_01/run_6/exp_wastesorting_20260917_065651_490697.txt,57a90d6bb6df4ed6a54f6895789316f8ce9bfb90c7657a91952d42bed6b54432,wastesorting,50,01
experiments_logs/n_simulations/20260917_065010_2044001/wastesorting/sim_100/scene_01/run_6/exp_wastesorting_20260917_065652_634061.txt,7785846c741c9278fd67dfba5e1300a4de14caa708c113b781be694b16099272,wastesorting,100,01
experiments_logs/n_simulations/20260917_065010_2044001/wastesorting/sim_200/scene_01/run_6/exp_wastesorting_20260917_065654_607852.txt,72cb4968e29e2bcafa01a413b33284f352a15f6031d50e86986502c3135d33d5,wastesorting,200,01
experiments_logs/n_simulations/20260917_065010_2044001/wastesorting/sim_50/scene_01/run_7/exp_wastesorting_20260917_065655_266175.txt,2858afea6065730a1480e484b913305483e58882176329dd8085d012ce3150f3,wastesorting,50,01
experiments_logs/n_simulations/20260917_065010_2044001/wastesorting/sim_100/scene_01/run_7/exp_wastesorting_20260917_065656_406479.txt,4f68aca3c087d3d7559843f9c9c93394bd2ad723abc44103548884b63dc6e6b2,wastesorting,100,01
experiments_logs/n_simulations/20260917_065010_2044001/wastesorting/sim_200/scene_01/run_7/exp_wastesorting_20260917_065658_444340.txt,7cc965adc4d21f2f6d2385ac02959d797b3196a172243db9ca1f93339e4204cd,wastesorting,200,01
experiments_logs/n_simulations/20260917_065010_2044001/wastesorting/sim_50/scene_01/run_8/exp_wastesorting_20260917_065659_124585.txt,2cb0c7c93ea549866bbbf5d53ea6cdcf393a27dc5fafd00b368257b17bfb50ef,wastesorting,50,01
experiments_logs/n_simulations/20260917_065010_2044001/wastesorting/sim_100/scene_01/run_8/exp_wastesorting_20260917_065700_258941.txt,27bf1ff2139ed7524730c2a8782b97c24d5139c315c9c3d0e323777e91d61b3d,wastesorting,100,01
experiments_logs/n_simulations/20260917_065010_2044001/wastesorting/sim_200/scene_01/run_8/exp_wastesorting_20260917_065702_315216.txt,e5751410b5ecbb72bd1683992f08badb45a565c7ee0b0c0f5c0ee32766a89786,wastesorting,200,01
experiments_logs/n_simulations/20260917_065010_2044001/wastesorting/sim_50/scene_01/run_9/exp_wastesorting_20260917_065702_966353.txt,e494b2875482616a088098b82a0b458fbc12d77bd48b9e3fcf7c2cd5aa478fbc,wastesorting,50,01
experiments_logs/n_simulations/20260917_065010_2044001/wastesorting/sim_100/scene_01/run_9/exp_wastesorting_20260917_065704_015165.txt,e60ea81bcda713083a12e4d5466f71c2005f6ef1b289c7fe310590e9c0012197,wastesorting,100,01
experiments_logs/n_simulations/20260917_065010_2044001/wastesorting/sim_200/scene_01/run_9/exp_wastesorting_20260917_065706_012109.txt,726202a2c7daa3ed7f4753e88fd9fd3cf8e92a4c5750b435c6e4699b3d871121,wastesorting,200,01
experiments_logs/n_simulations/20260917_065010_2044001/wastesorting/sim_50/scene_01/run_10/exp_wastesorting_20260917_065706_672671.txt,ba728f5bca697d9c97e5791190a5187991422c8a01c7ff2e3b936924d8662bcc,wastesorting,50,01
experiments_logs/n_simulations/20260917_065010_2044001/wastesorting/sim_100/scene_01/run_10/exp_wastesorting_20260917_065707_829196.txt,fc19c74881d5289baae04a95824ddf2c17de772b5e01782548c3aeb1e1d9b1ec,wastesorting,100,01
experiments_logs/n_simulations/20260917_065010_2044001/wastesorting/sim_200/scene_01/run_10/exp_wastesorting_20260917_065709_887218.txt,8ec434137a9a9e3d70667d870e50a3ee56103d480e53ca1551f9ca937f1c1950,wastesorting,200,01
experiments_logs/n_simulations/20260917_065010_2044001/wastesorting/sim_50/scene_02/run_1/exp_wastesorting_20260917_065710_503966.txt,462c4ac8e27b0cbdac920d23c10c4fda7d6fd2eeb1cb6ced06988ff7d0e66a95,wastesorting,50,02
experiments_logs/n_simulations/20260917_065010_2044001/wastesorting/sim_100/scene_02/run_1/exp_wastesorting_20260917_065711_547987.txt,a36b5e19530939872af19b11335ef12abce3ec190c7300f8b4ba4463267a4da7,wastesorting,100,02
experiments_logs/n_simulations/20260917_065010_2044001/wastesorting/sim_200/scene_02/run_1/exp_wastesorting_20260917_065713_349208.txt,4a9c0e81f36f66a2f146d633cf791898d1dbfb01adcf040dca94da46ff5ebab6,wastesorting,200,02
experiments_logs/n_simulations/20260917_065010_2044001/wastesorting/sim_50/scene_02/run_2/exp_wastesorting_20260917_065713_957194.txt,710694dd7b9a868e53762e13c7add4b2c3f5f2f03b6e2c8ad1d5bcff8f59f195,wastesorting,50,02
experiments_logs/n_simulations/20260917_065010_2044001/wastesorting/sim_100/scene_02/run_2/exp_wastesorting_20260917_065714_991692.txt,3bac7fca2c2eb2c8c2040d7f7e9d4f60a8ad931c7120d9f83e885c31877fb44e,wastesorting,100,02
experiments_logs/n_simulations/20260917_065010_2044001/wastesorting/sim_200/scene_02/run_2/exp_wastesorting_20260917_065716_737628.txt,3b1b5d76d1fa4a9da7ca140bc7f4dce8b1d804adcbb97a581c7baa2ed01301a8,wastesorting,200,02
experiments_logs/n_simulations/20260917_065010_2044001/wastesorting/sim_50/scene_02/run_3/exp_wastesorting_20260917_065717_359208.txt,7933e7f0bad9b414965c4f69d4eae2c58d1dd83f55848751a7d70ca89c0df834,wastesorting,50,02
experiments_logs/n_simulations/20260917_065010_2044001/wastesorting/sim_100/scene_02/run_3/exp_wastesorting_20260917_065718_334149.txt,c145d81ce9984cfc8ab77a99e59d795e5ac5ab063e18328e0dec77ef11ee8be7,wastesorting,100,02
experiments_logs/n_simulations/20260917_065010_2044001/wastesorting/sim_200/scene_02/run_3/exp_wastesorting_20260917_065720_075027.txt,ed752219dc0fa012d1c50d422ee5ff7a925b0c4bd1233dd84df7da81deb0737d,wastesorting,200,02
experiments_logs/n_simulations/20260917_065010_2044001/wastesorting/sim_50/scene_02/run_4/exp_wastesorting_20260917_065720_673216.txt,dfc66c66e227ede97d642382aae2989e946bf3c6a5c412f21095bb1b011db191,wastesorting,50,02
experiments_logs/n_simulations/20260917_065010_2044001/wastesorting/sim_100/scene_02/run_4/exp_wastesorting_20260917_065721_686223.txt,b92bbd75f9664ae4f2fac1af21c93bb2919a99de988eb15d24d5e65d06dade6d,wastesorting,100,02
experiments_logs/n_simulations/20260917_065010_2044001/wastesorting/sim_200/scene_02/run_4/exp_wastesorting_20260917_065723_439552.txt,45eb0ed584ac6fd23f60f2b0683d63bcd42f29cc1e500b842e8c0b1cf949efb3,wastesorting,200,02
experiments_logs/n_simulations/20260917_065010_2044001/wastesorting/sim_50/scene_02/run_5/exp_wastesorting_20260917_065724_068339.txt,3d3a8ee110c0ccce9fd8f1bf10521194701f733c10c7295ce7f89809f5ee34e7,wastesorting,50,02
experiments_logs/n_simulations/20260917_065010_2044001/wastesorting/sim_100/scene_02/run_5/exp_wastesorting_20260917_065725_102662.txt,aea938bd23fc8f9cd68287d21e149fd829b444d0552aa45ecd488a93fc19eb92,wastesorting,100,02
experiments_logs/n_simulations/20260917_065010_2044001/wastesorting/sim_200/scene_02/run_5/exp_wastesorting_20260917_065726_821331.txt,3030eec6521b23549dd8c75481def12c337d6bc89a22ac276145f6e8ab7c2b92,wastesorting,200,02
experiments_logs/n_simulations/20260917_065010_2044001/wastesorting/sim_50/scene_02/run_6/exp_wastesorting_20260917_065727_381522.txt,889f8f1146986b16ab0509cf2995001b2867933fd9a3db968445f4edf7a356d3,wastesorting,50,02
experiments_logs/n_simulations/20260917_065010_2044001/wastesorting/sim_100/scene_02/run_6/exp_wastesorting_20260917_065728_342738.txt,8b149d071b83464b57917617fc271b0662c6b5d3ffca16d215043ae5b12050bd,wastesorting,100,02
experiments_logs/n_simulations/20260917_065010_2044001/wastesorting/sim_200/scene_02/run_6/exp_wastesorting_20260917_065730_034911.txt,316699361dc16f08ce19d1864027371fd96aa0bef6d6c93bdf2897fa03d7c776,wastesorting,200,02
experiments_logs/n_simulations/20260917_065010_2044001/wastesorting/sim_50/scene_02/run_7/exp_wastesorting_20260917_065730_569211.txt,2807306c54a1866ed3947a960678c01b73220ad5b7ab06a77e4e7c39e5d0d3b0,wastesorting,50,02
experiments_logs/n_simulations/20260917_065010_2044001/wastesorting/sim_100/scene_02/run_7/exp_wastesorting_20260917_065731_480882.txt,e639d498c6757984542d29224afce39511b861d45ca635287064bfc3cbe60789,wastesorting,100,02
experiments_logs/n_simulations/20260917_065010_2044001/wastesorting/sim_200/scene_02/run_7/exp_wastesorting_20260917_065733_223083.txt,2465f2f5f79212580038153e7817a4ede25cabd57cc63a77f196e62eb590363a,wastesorting,200,02
experiments_logs/n_simulations/20260917_065010_2044001/wastesorting/sim_50/scene_02/run_8/exp_wastesorting_20260917_065733_785633.txt,513526092b5e8c8d3162d2cac9e921d1dba6032caa67243053062bec1d05d2b4,wastesorting,50,02
experiments_logs/n_simulations/20260917_065010_2044001/wastesorting/sim_100/scene_02/run_8/exp_wastesorting_20260917_065734_720703.txt,fb4c10c6169bee348c10872df40f7f55f641a6aa16d6d98fed334e84b1d58ae8,wastesorting,100,02
experiments_logs/n_simulations/20260917_065010_2044001/wastesorting/sim_200/scene_02/run_8/exp_wastesorting_20260917_065736_397146.txt,b124f218f067275a1d935ae04861a98e833d49358fb40f93bafad0f5a24352b7,wastesorting,200,02
experiments_logs/n_simulations/20260917_065010_2044001/wastesorting/sim_50/scene_02/run_9/exp_wastesorting_20260917_065736_955086.txt,38184cc3e721a72006c287377ca3a7827bd11200fb178551571323eeaec0da49,wastesorting,50,02
experiments_logs/n_simulations/20260917_065010_2044001/wastesorting/sim_100/scene_02/run_9/exp_wastesorting_20260917_065737_890839.txt,9601d5fc00e4901159e75ae55fdd73f87586bc83abda87d25769b58c450b1c32,wastesorting,100,02
experiments_logs/n_simulations/20260917_065010_2044001/wastesorting/sim_200/scene_02/run_9/exp_wastesorting_20260917_065739_584690.txt,e1a81357eb4fe77b3b5e9164a6d147cc00b6197c20780438baa1b8a85d325ab4,wastesorting,200,02
experiments_logs/n_simulations/20260917_065010_2044001/wastesorting/sim_50/scene_02/run_10/exp_wastesorting_20260917_065740_128402.txt,c772d01034a918c6f25d361b9044c5b17b2f3c8103ad0b31a5915c833b404f49,wastesorting,50,02
experiments_logs/n_simulations/20260917_065010_2044001/wastesorting/sim_100/scene_02/run_10/exp_wastesorting_20260917_065741_068048.txt,40ecd93bf061766045b600f6fe3e45ebfd4fe9eae3d92f0ebb8c9517650ddacf,wastesorting,100,02
experiments_logs/n_simulations/20260917_065010_2044001/wastesorting/sim_200/scene_02/run_10/exp_wastesorting_20260917_065742_793523.txt,96f54c4c6148426d1f1d0da8ba3bcc69cf63cc4217e402e7c7e0d538e29da8d4,wastesorting,200,02
experiments_logs/n_simulations/20260917_065010_2044001/wastesorting/sim_50/scene_03/run_1/exp_wastesorting_20260917_065743_346671.txt,8c20eb3d86a4e9781381f27fe4219b0125875af282307ce4debfebf5304f7645,wastesorting,50,03
experiments_logs/n_simulations/20260917_065010_2044001/wastesorting/sim_100/scene_03/run_1/exp_wastesorting_20260917_065744_279592.txt,c4c2273c338818e94c3661e75153fbec5536406c5536fb3b5028ab26af8b9f50,wastesorting,100,03
experiments_logs/n_simulations/20260917_065010_2044001/wastesorting/sim_200/scene_03/run_1/exp_wastesorting_20260917_065746_013224.txt,66c52be2259f9b504a4f5ce02c39ece71fbcd2b95a363495d7b7c641a495aa7d,wastesorting,200,03
experiments_logs/n_simulations/20260917_065010_2044001/wastesorting/sim_50/scene_03/run_2/exp_wastesorting_20260917_065746_589376.txt,823429adc0e18e84ac24e3bba8eb2f772b57e3c1a989a4247316a33b575ecc51,wastesorting,50,03
experiments_logs/n_simulations/20260917_065010_2044001/wastesorting/sim_100/scene_03/run_2/exp_wastesorting_20260917_065747_524828.txt,f5b88d2d59c3f38a64adde8350df3056da1ededa3725fc3e2af9b27cc600fd63,wastesorting,100,03
experiments_logs/n_simulations/20260917_065010_2044001/wastesorting/sim_200/scene_03/run_2/exp_wastesorting_20260917_065749_211458.txt,0a4d8036d2ec7f10349a53520bab05a89f68555f178328b5d799a3e4a9d3e835,wastesorting,200,03
experiments_logs/n_simulations/20260917_065010_2044001/wastesorting/sim_50/scene_03/run_3/exp_wastesorting_20260917_065749_783282.txt,1239029675b8d72d26a0378170644f103436077d2aed7016a283bc72f8a69ea3,wastesorting,50,03
experiments_logs/n_simulations/20260917_065010_2044001/wastesorting/sim_100/scene_03/run_3/exp_wastesorting_20260917_065750_745814.txt,f318275fe2172e12ba4c13aaec186ead51a4c9c36677497935519b863c71f384,wastesorting,100,03
experiments_logs/n_simulations/20260917_065010_2044001/wastesorting/sim_200/scene_03/run_3/exp_wastesorting_20260917_065752_459673.txt,372e2b551b11d56bc9fb68f25f6b65d302b65d3b208d6666288485b945a46dba,wastesorting,200,03
experiments_logs/n_simulations/20260917_065010_2044001/wastesorting/sim_50/scene_03/run_4/exp_wastesorting_20260917_065753_028632.txt,8ec714a96a8fb26265a8846c02d791420374a947cb734004009479608f60e143,wastesorting,50,03
experiments_logs/n_simulations/20260917_065010_2044001/wastesorting/sim_100/scene_03/run_4/exp_wastesorting_20260917_065754_016332.txt,2d409ebb33a1817719790625d00eee4541fd30bd6cd16a9dc9890f85df815ea1,wastesorting,100,03
experiments_logs/n_simulations/20260917_065010_2044001/wastesorting/sim_200/scene_03/run_4/exp_wastesorting_20260917_065755_749120.txt,40207da9193b6a5b3839044a0098629d75d01b0775abe39ce820210ca539fd2e,wastesorting,200,03
experiments_logs/n_simulations/20260917_065010_2044001/wastesorting/sim_50/scene_03/run_5/exp_wastesorting_20260917_065756_320277.txt,242b33a31deca48dfa145e05328e89584c9695742da91a207c8ba4d4ce11393b,wastesorting,50,03
experiments_logs/n_simulations/20260917_065010_2044001/wastesorting/sim_100/scene_03/run_5/exp_wastesorting_20260917_065757_287648.txt,e268aea7877376d14a794e2f92cd95dd125542fc2782515112825e38420b7869,wastesorting,100,03
experiments_logs/n_simulations/20260917_065010_2044001/wastesorting/sim_200/scene_03/run_5/exp_wastesorting_20260917_065759_068622.txt,ab319fc589732f7bc8de1c38a04ffc466a0b2416407a4fda9f3bbf19b5f79c90,wastesorting,200,03
experiments_logs/n_simulations/20260917_065010_2044001/wastesorting/sim_50/scene_03/run_6/exp_wastesorting_20260917_065759_616196.txt,89e7a621be8fa83df7d3d9c6c8ed98a3fa4c523430c38d31245ab6c0ad827cd6,wastesorting,50,03
experiments_logs/n_simulations/20260917_065010_2044001/wastesorting/sim_100/scene_03/run_6/exp_wastesorting_20260917_065800_555324.txt,1fdf864c4395da58821d1516855dc616fe75d54d10596c8a46888b8a9bb07ddd,wastesorting,100,03
experiments_logs/n_simulations/20260917_065010_2044001/wastesorting/sim_200/scene_03/run_6/exp_wastesorting_20260917_065802_242488.txt,15677c39fe4f42d2acda5328f52312f5f2a3c522bbc9d8c76226b0f3783ffe8e,wastesorting,200,03
experiments_logs/n_simulations/20260917_065010_2044001/wastesorting/sim_50/scene_03/run_7/exp_wastesorting_20260917_065802_842811.txt,ffb870d27a010459c254bb4dabbbee73b0aed15fbbb04714b9782b05d1132d63,wastesorting,50,03
experiments_logs/n_simulations/20260917_065010_2044001/wastesorting/sim_100/scene_03/run_7/exp_wastesorting_20260917_065803_781440.txt,6caba89830895d3f0619de556cf5f3c270d77f9d27832366bc9a80c59cfa1032,wastesorting,100,03
experiments_logs/n_simulations/20260917_065010_2044001/wastesorting/sim_200/scene_03/run_7/exp_wastesorting_20260917_065805_416667.txt,dc63b7ed7917c6e89207362a315a47f0108b6e041ad1ff9bbed3f6d84a03f637,wastesorting,200,03
experiments_logs/n_simulations/20260917_065010_2044001/wastesorting/sim_50/scene_03/run_8/exp_wastesorting_20260917_065805_986109.txt,a3b15e1b91e08f0f0c32bb1c01160ae2ae4cfa66f155e7bfe4bbe588e34f8a5d,wastesorting,50,03
experiments_logs/n_simulations/20260917_065010_2044001/wastesorting/sim_100/scene_03/run_8/exp_wastesorting_20260917_065806_927763.txt,d5e6b2be713f13e15ebcdeeef955bda2fff9839576bca51189f17ffd91e65566,wastesorting,100,03
experiments_logs/n_simulations/20260917_065010_2044001/wastesorting/sim_200/scene_03/run_8/exp_wastesorting_20260917_065808_575501.txt,0b78d58690fe76d43d0c16aa9f98d084504b9f8beabbb8ba8d79066ec7d6155e,wastesorting,200,03
experiments_logs/n_simulations/20260917_065010_2044001/wastesorting/sim_50/scene_03/run_9/exp_wastesorting_20260917_065809_150369.txt,acfb3068022457ab050c52c93c4d82ed688763b2e7b12603f5299798ae151e9e,wastesorting,50,03
experiments_logs/n_simulations/20260917_065010_2044001/wastesorting/sim_100/scene_03/run_9/exp_wastesorting_20260917_065810_102734.txt,d74aa828dccf197146b5983d7ff491b7bd881097cab9a19361f475a05ac9aeed,wastesorting,100,03
experiments_logs/n_simulations/20260917_065010_2044001/wastesorting/sim_200/scene_03/run_9/exp_wastesorting_20260917_065811_802431.txt,7963512b6b9cb239a95a4a1c680e19ce2695769e9f18673c73190dd142aab6a6,wastesorting,200,03
experiments_logs/n_simulations/20260917_065010_2044001/wastesorting/sim_50/scene_03/run_10/exp_wastesorting_20260917_065812_343942.txt,492bf08054d186f77b9ec4a05613e1eefc7edf886669c3b0f86ee508897b4607,wastesorting,50,03
experiments_logs/n_simulations/20260917_065010_2044001/wastesorting/sim_100/scene_03/run_10/exp_wastesorting_20260917_065813_322027.txt,d93bf7acee6d2ca04d48b3937cd9eab2315df7f602329a1ae9993a4397057fdf,wastesorting,100,03
experiments_logs/n_simulations/20260917_065010_2044001/wastesorting/sim_200/scene_03/run_10/exp_wastesorting_20260917_065815_033551.txt,07876e10fbe13bbbe5cf98fa11ab0906975f9baade75dcf00023d955b7f0df23,wastesorting,200,03
experiments_logs/n_simulations/20260917_065010_2044001/wastesorting/sim_50/scene_04/run_1/exp_wastesorting_20260917_065815_583842.txt,8b540ddee64b07e43e628deb30b08e2d3cd71028a476c64bc099a91657a1d24b,wastesorting,50,04
experiments_logs/n_simulations/20260917_065010_2044001/wastesorting/sim_100/scene_04/run_1/exp_wastesorting_20260917_065816_551651.txt,3422da25fa7f4ec0737a2019fc8a2fe9ceb163eb649a7cc025dcccdc06f09939,wastesorting,100,04
experiments_logs/n_simulations/20260917_065010_2044001/wastesorting/sim_200/scene_04/run_1/exp_wastesorting_20260917_065818_296447.txt,6c06fc0d6cbc29d7f07b242efecfc84ea319a9578d5723b2ac1ad1129eec77e7,wastesorting,200,04
experiments_logs/n_simulations/20260917_065010_2044001/wastesorting/sim_50/scene_04/run_2/exp_wastesorting_20260917_065818_873878.txt,62675c62b447fc2630ecd9bb668e930d47a6e218edf744e1bc4e233dc15a58ec,wastesorting,50,04
experiments_logs/n_simulations/20260917_065010_2044001/wastesorting/sim_100/scene_04/run_2/exp_wastesorting_20260917_065819_881780.txt,6eab6515de717b0dff0247fa520c2f43e4081edb0a994698f65eb13a8c75733e,wastesorting,100,04
experiments_logs/n_simulations/20260917_065010_2044001/wastesorting/sim_200/scene_04/run_2/exp_wastesorting_20260917_065821_737693.txt,015b67c9b5b350de1dd8a31f029744ede767bbaf941f1848b8eb5437810849b5,wastesorting,200,04
experiments_logs/n_simulations/20260917_065010_2044001/wastesorting/sim_50/scene_04/run_3/exp_wastesorting_20260917_065822_305987.txt,0bb6725fc122ab0f1bcf2503cd37a319463c82981b4cd6f071a43548548f525f,wastesorting,50,04
experiments_logs/n_simulations/20260917_065010_2044001/wastesorting/sim_100/scene_04/run_3/exp_wastesorting_20260917_065823_273722.txt,92fa47325afb8829682b4bb5a9843aa50321a89bccffe2d54f67ad40fd683ae8,wastesorting,100,04
experiments_logs/n_simulations/20260917_065010_2044001/wastesorting/sim_200/scene_04/run_3/exp_wastesorting_20260917_065825_051752.txt,bc52931a8de86a754d10ee64044b263de79676e381414cb9b499aebe7605f781,wastesorting,200,04
experiments_logs/n_simulations/20260917_065010_2044001/wastesorting/sim_50/scene_04/run_4/exp_wastesorting_20260917_065825_644941.txt,d196453c053cee810d9b38decfb1f543a6e7de1d71fe53d6f5cfa6d0c1789b65,wastesorting,50,04
experiments_logs/n_simulations/20260917_065010_2044001/wastesorting/sim_100/scene_04/run_4/exp_wastesorting_20260917_065826_606909.txt,6551ef358e2f42b0ba9dd1414a203194a6e5443b8198cee4bea79cf3f768ce97,wastesorting,100,04
experiments_logs/n_simulations/20260917_065010_2044001/wastesorting/sim_200/scene_04/run_4/exp_wastesorting_20260917_065828_335132.txt,a4f758b1a0556f7a56cf0bb1c2a0761ff0267ad660c0a6882e0ca4449d656d5f,wastesorting,200,04
experiments_logs/n_simulations/20260917_065010_2044001/wastesorting/sim_50/scene_04/run_5/exp_wastesorting_20260917_065828_912078.txt,03b940604387dd6717b821ca8d207461ea6f2cd2221ac47a1d679d928272b47e,wastesorting,50,04
experiments_logs/n_simulations/20260917_065010_2044001/wastesorting/sim_100/scene_04/run_5/exp_wastesorting_20260917_065829_921299.txt,3e8a13ae78fe2e8152facf6fc56844226f4c1b102b3ccb7fdd1eba1d8bcc6438,wastesorting,100,04
experiments_logs/n_simulations/20260917_065010_2044001/wastesorting/sim_200/scene_04/run_5/exp_wastesorting_20260917_065831_729185.txt,3694908d9c452b5af472f18c56a9eeec8870784285aff044e9a964d4267db629,wastesorting,200,04
experiments_logs/n_simulations/20260917_065010_2044001/wastesorting/sim_50/scene_04/run_6/exp_wastesorting_20260917_065832_396361.txt,db9d809c069c7e9b824cfff5390c0415cfada82f6d14b0a6a182195b63a37f86,wastesorting,50,04
experiments_logs/n_simulations/20260917_065010_2044001/wastesorting/sim_100/scene_04/run_6/exp_wastesorting_20260917_065833_355761.txt,7d9554fe4562e69f065954041b10bf2f0eff3fb5e10daf87cc2a970f48bdb828,wastesorting,100,04
experiments_logs/n_simulations/20260917_065010_2044001/wastesorting/sim_200/scene_04/run_6/exp_wastesorting_20260917_065835_086207.txt,87c25c6a9ff2d9c1628f5c669b0727e704cfc17462acf837442d8ba3c790a9c5,wastesorting,200,04
experiments_logs/n_simulations/20260917_065010_2044001/wastesorting/sim_50/scene_04/run_7/exp_wastesorting_20260917_065835_669760.txt,e1d9228308d26f27e30bced65a9f7ea2b3eb1213fae31c6ae466e7b6a04fe7a1,wastesorting,50,04
experiments_logs/n_simulations/20260917_065010_2044001/wastesorting/sim_100/scene_04/run_7/exp_wastesorting_20260917_065836_660013.txt,d1256aacaf8cb720ddd39f3a689ffa3b861ee8471706800e1d13d0d7bdb9965a,wastesorting,100,04
experiments_logs/n_simulations/20260917_065010_2044001/wastesorting/sim_200/scene_04/run_7/exp_wastesorting_20260917_065838_397919.txt,9efb336b7aa6e3432cfd184c96ea32114ec607d02cd9754679ab587e618b1386,wastesorting,200,04
experiments_logs/n_simulations/20260917_065010_2044001/wastesorting/sim_50/scene_04/run_8/exp_wastesorting_20260917_065838_982720.txt,0564cf503f515e11d0cc6c3f263cd81618e3ea229b75eef657c8a275bce1e610,wastesorting,50,04
experiments_logs/n_simulations/20260917_065010_2044001/wastesorting/sim_100/scene_04/run_8/exp_wastesorting_20260917_065839_959273.txt,4e17e8ad31fff30316386caa29b3b0a4d88d4d661cdb4e5c307dc2e7f8e373d5,wastesorting,100,04
experiments_logs/n_simulations/20260917_065010_2044001/wastesorting/sim_200/scene_04/run_8/exp_wastesorting_20260917_065841_866535.txt,b409b96298217e7b06034568ef7960e2b944dc8a36247f8b338007c8ba33792f,wastesorting,200,04
experiments_logs/n_simulations/20260917_065010_2044001/wastesorting/sim_50/scene_04/run_9/exp_wastesorting_20260917_065842_460441.txt,e5a19a41c6b5be87a5ccf24c42ee870ab37937c3a1e9e6b6de2739916cbfa546,wastesorting,50,04
experiments_logs/n_simulations/20260917_065010_2044001/wastesorting/sim_100/scene_04/run_9/exp_wastesorting_20260917_065843_494220.txt,9d8162e40799ae440a79045e4cbb7cc2b487d6f36024ab725bce988ddc1b1a7b,wastesorting,100,04
experiments_logs/n_simulations/20260917_065010_2044001/wastesorting/sim_200/scene_04/run_9/exp_wastesorting_20260917_065845_347559.txt,522b1387291bbf203b4400f0c56236ddfd004d290ac09fa861881fea2d43b367,wastesorting,200,04
experiments_logs/n_simulations/20260917_065010_2044001/wastesorting/sim_50/scene_04/run_10/exp_wastesorting_20260917_065845_926060.txt,6c0d8e6c7440868107bd00c058f775e23c237a0d4a2ce022c57e15bb8fb0775c,wastesorting,50,04
experiments_logs/n_simulations/20260917_065010_2044001/wastesorting/sim_100/scene_04/run_10/exp_wastesorting_20260917_065846_929318.txt,3822f647da57939933ff175607e894329d14ed0a5868d21f12c5e9206310daca,wastesorting,100,04
experiments_logs/n_simulations/20260917_065010_2044001/wastesorting/sim_200/scene_04/run_10/exp_wastesorting_20260917_065848_755950.txt,d3d901306bd58d1e0c383c8d0ecd9d97a6d3d3f472044112460a8a45758ba406,wastesorting,200,04
experiments_logs/n_simulations/20260917_065010_2044001/wastesorting/sim_50/scene_05/run_1/exp_wastesorting_20260917_065849_341885.txt,c2c10122fb0c65e1b56eada72d7e7dfd897bb9fb92c9b0dbc37cbb21cb3b00ca,wastesorting,50,05
experiments_logs/n_simulations/20260917_065010_2044001/wastesorting/sim_100/scene_05/run_1/exp_wastesorting_20260917_065850_300434.txt,10af275e3d1d9251ce2b2290ca3a650e18cae09734e7bd8cdf6ebe524e429e06,wastesorting,100,05
experiments_logs/n_simulations/20260917_065010_2044001/wastesorting/sim_200/scene_05/run_1/exp_wastesorting_20260917_065852_053657.txt,0e0fb8480b8c35bc9391adc9b078fc2615d31f004af1a895fbf4e902feaa1cc5,wastesorting,200,05
experiments_logs/n_simulations/20260917_065010_2044001/wastesorting/sim_50/scene_05/run_2/exp_wastesorting_20260917_065852_612261.txt,4810e1f4f7cb20c7e2cf1f40f0de01b8f97d50b41fec7e95f6f801a2b41f96e1,wastesorting,50,05
experiments_logs/n_simulations/20260917_065010_2044001/wastesorting/sim_100/scene_05/run_2/exp_wastesorting_20260917_065853_629394.txt,2fed1eee45556f3e0f08d12fdf339a937a4baae222a29cfc9d306459ef8dd367,wastesorting,100,05
experiments_logs/n_simulations/20260917_065010_2044001/wastesorting/sim_200/scene_05/run_2/exp_wastesorting_20260917_065855_370283.txt,97e3a978bc34f72f21fd8fee321d65fff19a73360c99ee346d704d9fe5d0cd09,wastesorting,200,05
experiments_logs/n_simulations/20260917_065010_2044001/wastesorting/sim_50/scene_05/run_3/exp_wastesorting_20260917_065855_945709.txt,2111a7d3d699fe70e46a59e19c3148d3730c921c0a5cd6be7ad4e653c12d47c3,wastesorting,50,05
experiments_logs/n_simulations/20260917_065010_2044001/wastesorting/sim_100/scene_05/run_3/exp_wastesorting_20260917_065856_913792.txt,ff4b199a11f4e62049000b5fbeb7b207e393966b77f181d82660f340df708912,wastesorting,100,05
experiments_logs/n_simulations/20260917_065010_2044001/wastesorting/sim_200/scene_05/run_3/exp_wastesorting_20260917_065858_672189.txt,75bccd1bad389023fd8b2abe59f57e92f9b307195e6f0e61d4697a872b6546c0,wastesorting,200,05
experiments_logs/n_simulations/20260917_065010_2044001/wastesorting/sim_50/scene_05/run_4/exp_wastesorting_20260917_065859_264082.txt,d78f3c8f3f5a45a52e9da3964ff53db72a3e37e76eb2ca1fc22eee44096ac52d,wastesorting,50,05
experiments_logs/n_simulations/20260917_065010_2044001/wastesorting/sim_100/scene_05/run_4/exp_wastesorting_20260917_065900_256354.txt,f27b037adad5b5b39788c21f0907aac97c529af5f52f417d515b62701f6821f5,wastesorting,100,05
experiments_logs/n_simulations/20260917_065010_2044001/wastesorting/sim_200/scene_05/run_4/exp_wastesorting_20260917_065902_049617.txt,1adc6239a228a9478e1b6043b2e7cda4be3750b9b717b54d400fccb849ec0d45,wastesorting,200,05
experiments_logs/n_simulations/20260917_065010_2044001/wastesorting/sim_50/scene_05/run_5/exp_wastesorting_20260917_065902_598211.txt,b055b33a9e7be8dbd201a7116dbf34557988c50490af543a20ba051f17690352,wastesorting,50,05
experiments_logs/n_simulations/20260917_065010_2044001/wastesorting/sim_100/scene_05/run_5/exp_wastesorting_20260917_065903_601991.txt,6dc55eb8a524ad9cebb5a07ab98505d5c8bae33a1bd74c4b23fb2b09af720aa0,wastesorting,100,05
experiments_logs/n_simulations/20260917_065010_2044001/wastesorting/sim_200/scene_05/run_5/exp_wastesorting_20260917_065905_393996.txt,84185b3bffe55fd9463cdb80152a0b096bd3adfba96bc8094a3617b6425edb26,wastesorting,200,05
experiments_logs/n_simulations/20260917_065010_2044001/wastesorting/sim_50/scene_05/run_6/exp_wastesorting_20260917_065905_992382.txt,59152d5698553e5c2aea04229a681b8d5d4bbbfd04a805b38b3b32198c98e183,wastesorting,50,05
experiments_logs/n_simulations/20260917_065010_2044001/wastesorting/sim_100/scene_05/run_6/exp_wastesorting_20260917_065906_954053.txt,9ed209c20377e05460b4d9c47de10f4ab210a3ba4cd378e82382281c51cd4f2a,wastesorting,100,05
experiments_logs/n_simulations/20260917_065010_2044001/wastesorting/sim_200/scene_05/run_6/exp_wastesorting_20260917_065908_727901.txt,7bcadc37c77ad77fa8d1d24d2d7fca70a304e6ee01f2994b1edc82a2bbf6852d,wastesorting,200,05
experiments_logs/n_simulations/20260917_065010_2044001/wastesorting/sim_50/scene_05/run_7/exp_wastesorting_20260917_065909_279062.txt,ce82bd01670ae3c0e9761c4fa177109063d94148e8daec75800128fee2e9ebaa,wastesorting,50,05
experiments_logs/n_simulations/20260917_065010_2044001/wastesorting/sim_100/scene_05/run_7/exp_wastesorting_20260917_065910_307654.txt,f2dc27a58c78de976f8f5d38bd703fcf3a4671826eb0ea73f9aee8e9078777d8,wastesorting,100,05
experiments_logs/n_simulations/20260917_065010_2044001/wastesorting/sim_200/scene_05/run_7/exp_wastesorting_20260917_065912_141694.txt,181130c0065c0e7dcb5e1ce8ba0decd8d04116a14380112fb6897c703664bb93,wastesorting,200,05
experiments_logs/n_simulations/20260917_065010_2044001/wastesorting/sim_50/scene_05/run_8/exp_wastesorting_20260917_065912_715965.txt,275122e90993240026a98b838b0de13e7ddf7dd638b2d2c61696530a9f5d2582,wastesorting,50,05
experiments_logs/n_simulations/20260917_065010_2044001/wastesorting/sim_100/scene_05/run_8/exp_wastesorting_20260917_065913_679310.txt,f50d256e2c66c666754637adc3a4e076410634b4587ae34d91bccea3e6a04294,wastesorting,100,05
experiments_logs/n_simulations/20260917_065010_2044001/wastesorting/sim_200/scene_05/run_8/exp_wastesorting_20260917_065915_482758.txt,85a4e20507c167d03d482278adb229c54260ee2f339787fde56748e0e275a449,wastesorting,200,05
experiments_logs/n_simulations/20260917_065010_2044001/wastesorting/sim_50/scene_05/run_9/exp_wastesorting_20260917_065916_069596.txt,298a16ba283ccf03bd6cfb98e61a1d365b5fbea53c8c4be21ff42c79cb091c72,wastesorting,50,05
experiments_logs/n_simulations/20260917_065010_2044001/wastesorting/sim_100/scene_05/run_9/exp_wastesorting_20260917_065917_059874.txt,cff542336ed164257cdc2b5e757361ac86370486a799c2f6064aae375bc2f0c4,wastesorting,100,05
experiments_logs/n_simulations/20260917_065010_2044001/wastesorting/sim_200/scene_05/run_9/exp_wastesorting_20260917_065918_847979.txt,3c95c0c2275d0148887c6db1d9ec40b8129e29a64ebbb2e97025fcde8f3cd9f3,wastesorting,200,05
experiments_logs/n_simulations/20260917_065010_2044001/wastesorting/sim_50/scene_05/run_10/exp_wastesorting_20260917_065919_440707.txt,006aa2635fe554be2205aea691211f1952767280c1610a2491ca92024dcd77c0,wastesorting,50,05
experiments_logs/n_simulations/20260917_065010_2044001/wastesorting/sim_100/scene_05/run_10/exp_wastesorting_20260917_065920_421038.txt,b33fba233185d0b78b9e8a711e837e4c4fed11f86aefc8ceafc15dba86322cad,wastesorting,100,05
experiments_logs/n_simulations/20260917_065010_2044001/wastesorting/sim_200/scene_05/run_10/exp_wastesorting_20260917_065922_287636.txt,10f688e7595bf7469343fa1f4790e11a30703bb72d89aed65a07b1ef0175ddaf,wastesorting,200,05
