run_index,domain,scene,threshold,gamma,n_simulations,seed,log_dir
1,tomato,01,0.3,0.2,100,737509113,experiments_logs/system_log/tomato/scene_01_step50/thres_0-3
1,tomato,01,0.3,0.2,100,3259719400,experiments_logs/system_log/tomato/scene_01_step50/thres_0-3
1,tomato,01,0.3,0.2,100,1024787559,experiments_logs/system_log/tomato/scene_01_step50/thres_0-3
1,tomato,01,0.3,0.2,100,2721798110,experiments_logs/system_log/tomato/scene_01_step50/thres_0-3
1,tomato,01,0.3,0.2,100,3915701433,experiments_logs/system_log/tomato/scene_01_step50/thres_0-3
1,tomato,01,0.3,0.2,100,3058780217,experiments_logs/system_log/tomato/scene_01_step50/thres_0-3
1,tomato,01,0.3,0.2,100,450047115,experiments_logs/system_log/tomato/scene_01_step50/thres_0-3
1,tomato,01,0.3,0.2,100,709625992,experiments_logs/system_log/tomato/scene_01_step50/thres_0-3
1,tomato,01,0.3,0.2,100,824602054,experiments_logs/system_log/tomato/scene_01_step50/thres_0-3
1,tomato,01,0.3,0.2,100,1922223314,experiments_logs/system_log/tomato/scene_01_step50/thres_0-3
1,tomato,01,0.3,0.2,100,452856225,experiments_logs/system_log/tomato/scene_01_step50/thres_0-3
1,tomato,01,0.3,0.2,100,2885781845,experiments_logs/system_log/tomato/scene_01_step50/thres_0-3
1,tomato,01,0.3,0.2,100,3169279976,experiments_logs/system_log/tomato/scene_01_step50/thres_0-3
1,tomato,01,0.3,0.2,100,2365348538,experiments_logs/system_log/tomato/scene_01_step50/thres_0-3
1,tomato,01,0.3,0.2,100,2789826967,experiments_logs/system_log/tomato/scene_01_step50/thres_0-3
1,tomato,01,0.3,0.2,100,1852958751,experiments_logs/system_log/tomato/scene_01_step50/thres_0-3
1,tomato,01,0.3,0.2,100,3505518908,experiments_logs/system_log/tomato/scene_01_step50/thres_0-3
1,tomato,01,0.3,0.2,100,1250197252,experiments_logs/system_log/tomato/scene_01_step50/thres_0-3
1,tomato,01,0.3,0.2,100,3916019756,experiments_logs/system_log/tomato/scene_01_step50/thres_0-3
1,tomato,01,0.3,0.2,100,3165527023,experiments_logs/system_log/tomato/scene_01_step50/thres_0-3
1,tomato,01,0.3,0.2,100,2857404639,experiments_logs/system_log/tomato/scene_01_step50/thres_0-3
1,tomato,01,0.3,0.2,100,338318591,experiments_logs/system_log/tomato/scene_01_step50/thres_0-3
1,tomato,01,0.3,0.2,100,2149801430,experiments_logs/system_log/tomato/scene_01_step50/thres_0-3
1,tomato,01,0.3,0.2,100,217260312,experiments_logs/system_log/tomato/scene_01_step50/thres_0-3
1,tomato,01,0.3,0.2,100,1449165853,experiments_logs/system_log/tomato/scene_01_step50/thres_0-3
1,tomato,01,0.3,0.2,100,724507504,experiments_logs/system_log/tomato/scene_01_step50/thres_0-3
1,tomato,01,0.3,0.2,100,1808885250,experiments_logs/system_log/tomato/scene_01_step50/thres_0-3
1,tomato,01,0.3,0.2,100,141279322,experiments_logs/system_log/tomato/scene_01_step50/thres_0-3
1,tomato,01,0.3,0.2,100,1878604983,experiments_logs/system_log/tomato/scene_01_step50/thres_0-3
1,tomato,01,0.3,0.2,100,3245994292,experiments_logs/system_log/tomato/scene_01_step50/thres_0-3
1,tomato,01,0.3,0.2,100,1200686102,experiments_logs/system_log/tomato/scene_01_step50/thres_0-3
1,tomato,01,0.3,0.2,100,1782103163,experiments_logs/system_log/tomato/scene_01_step50/thres_0-3
1,tomato,01,0.3,0.2,100,3875212952,experiments_logs/system_log/tomato/scene_01_step50/thres_0-3
1,tomato,01,0.3,0.2,100,2559742286,experiments_logs/system_log/tomato/scene_01_step50/thres_0-3
1,tomato,01,0.3,0.2,100,1565265095,experiments_logs/system_log/tomato/scene_01_step50/thres_0-3
1,tomato,01,0.3,0.2,100,1741043996,experiments_logs/system_log/tomato/scene_01_step50/thres_0-3
1,tomato,01,0.3,0.2,100,2834876675,experiments_logs/system_log/tomato/scene_01_step50/thres_0-3
1,tomato,01,0.3,0.2,100,826887820,experiments_logs/system_log/tomato/scene_01_step50/thres_0-3
1,tomato,01,0.3,0.2,100,547084716,experiments_logs/system_log/tomato/scene_01_step50/thres_0-3
1,tomato,01,0.3,0.2,100,122531007,experiments_logs/system_log/tomato/scene_01_step50/thres_0-3
